Workbook

Sheet Recipe Costs
A1: # | B1: Recipe | C1: Category | D1: Cost per make (R) | E1: Shop-from-scratch cost (R) | F1: Lines costed | G1: Substitutes / assumed amounts | H1: Not at Woolworths | I1: Basics left out | J1: Post link
A2: 1 | B2: Easy Chicken Pie | C2: Mains | D2: =SUMIFS('Ingredient Costing'!$M$2:$M$559,'Ingredient Costing'!$A$2:$A$559,$B2) -> 281.35513 | E2: =SUMIFS('Ingredient Costing'!$L$2:$L$559,'Ingredient Costing'!$A$2:$A$559,$B2) -> 345.93 | F2: =COUNTIFS('Ingredient Costing'!$A$2:$A$559,$B2,'Ingredient Costing'!$D$2:$D$559,"Costed")+COUNTIFS('Ingredient Costing'!$A$2:$A$559,$B2,'Ingredient Costing'!$D$2:$D$559,"Substitute")+COUNTIFS('Ingredient Costing'!$A$2:$A$559,$B2,'Ingredient Costing'!$D$2:$D$559,"Uses 5 Veg Mince") -> 7 | G2: =SUMPRODUCT(('Ingredient Costing'!$A$2:$A$559=$B2)*(('Ingredient Costing'!$D$2:$D$559="Substitute")+(LEFT('Ingredient Costing'!$N$2:$N$559,16)="Amount not given")>0)) -> 2 | H2: =COUNTIFS('Ingredient Costing'!$A$2:$A$559,$B2,'Ingredient Costing'!$D$2:$D$559,"Not at Woolworths") -> 0 | I2: =COUNTIFS('Ingredient Costing'!$A$2:$A$559,$B2,'Ingredient Costing'!$D$2:$D$559,"Basic - not costed") -> 0 | J2: Open post
A3: 2 | B3: Bougie-Up Your Veg (toppings) | C3: Sides & salads | D3: =SUMIFS('Ingredient Costing'!$M$2:$M$559,'Ingredient Costing'!$A$2:$A$559,$B3) -> 100.41483 | E3: =SUMIFS('Ingredient Costing'!$L$2:$L$559,'Ingredient Costing'!$A$2:$A$559,$B3) -> 339.93 | F3: =COUNTIFS('Ingredient Costing'!$A$2:$A$559,$B3,'Ingredient Costing'!$D$2:$D$559,"Costed")+COUNTIFS('Ingredient Costing'!$A$2:$A$559,$B3,'Ingredient Costing'!$D$2:$D$559,"Substitute")+COUNTIFS('Ingredient Costing'!$A$2:$A$559,$B3,'Ingredient Costing'!$D$2:$D$559,"Uses 5 Veg Mince") -> 7 | G3: =SUMPRODUCT(('Ingredient Costing'!$A$2:$A$559=$B3)*(('Ingredient Costing'!$D$2:$D$559="Substitute")+(LEFT('Ingredient Costing'!$N$2:$N$559,16)="Amount not given")>0)) -> 6 | H3: =COUNTIFS('Ingredient Costing'!$A$2:$A$559,$B3,'Ingredient Costing'!$D$2:$D$559,"Not at Woolworths") -> 0 | I3: =COUNTIFS('Ingredient Costing'!$A$2:$A$559,$B3,'Ingredient Costing'!$D$2:$D$559,"Basic - not costed") -> 0 | J3: Open post
A4: 3 | B4: Spinach & Feta Filo Tart | C4: Mains | D4: =SUMIFS('Ingredient Costing'!$M$2:$M$559,'Ingredient Costing'!$A$2:$A$559,$B4) -> 101.48204 | E4: =SUMIFS('Ingredient Costing'!$L$2:$L$559,'Ingredient Costing'!$A$2:$A$559,$B4) -> 501.82 | F4: =COUNTIFS('Ingredient Costing'!$A$2:$A$559,$B4,'Ingredient Costing'!$D$2:$D$559,"Costed")+COUNTIFS('Ingredient Costing'!$A$2:$A$559,$B4,'Ingredient Costing'!$D$2:$D$559,"Substitute")+COUNTIFS('Ingredient Costing'!$A$2:$A$559,$B4,'Ingredient Costing'!$D$2:$D$559,"Uses 5 Veg Mince") -> 8 | G4: =SUMPRODUCT(('Ingredient Costing'!$A$2:$A$559=$B4)*(('Ingredient Costing'!$D$2:$D$559="Substitute")+(LEFT('Ingredient Costing'!$N$2:$N$559,16)="Amount not given")>0)) -> 2 | H4: =COUNTIFS('Ingredient Costing'!$A$2:$A$559,$B4,'Ingredient Costing'!$D$2:$D$559,"Not at Woolworths") -> 0 | I4: =COUNTIFS('Ingredient Costing'!$A$2:$A$559,$B4,'Ingredient Costing'!$D$2:$D$559,"Basic - not costed") -> 1 | J4: Open post
A5: 4 | B5: Pampoen Tert (lower-sugar) | C5: Baking & sweet treats | D5: =SUMIFS('Ingredient Costing'!$M$2:$M$559,'Ingredient Costing'!$A$2:$A$559,$B5) -> 102.58268 | E5: =SUMIFS('Ingredient Costing'!$L$2:$L$559,'Ingredient Costing'!$A$2:$A$559,$B5) -> 299.92 | F5: =COUNTIFS('Ingredient Costing'!$A$2:$A$559,$B5,'Ingredient Costing'!$D$2:$D$559,"Costed")+COUNTIFS('Ingredient Costing'!$A$2:$A$559,$B5,'Ingredient Costing'!$D$2:$D$559,"Substitute")+COUNTIFS('Ingredient Costing'!$A$2:$A$559,$B5,'Ingredient Costing'!$D$2:$D$559,"Uses 5 Veg Mince") -> 9 | G5: =SUMPRODUCT(('Ingredient Costing'!$A$2:$A$559=$B5)*(('Ingredient Costing'!$D$2:$D$559="Substitute")+(LEFT('Ingredient Costing'!$N$2:$N$559,16)="Amount not given")>0)) -> 1 | H5: =COUNTIFS('Ingredient Costing'!$A$2:$A$559,$B5,'Ingredient Costing'!$D$2:$D$559,"Not at Woolworths") -> 0 | I5: =COUNTIFS('Ingredient Costing'!$A$2:$A$559,$B5,'Ingredient Costing'!$D$2:$D$559,"Basic - not costed") -> 1 | J5: Open post
A6: 5 | B6: Sticky Glazed Meatloaf | C6: Mains | D6: =SUMIFS('Ingredient Costing'!$M$2:$M$559,'Ingredient Costing'!$A$2:$A$559,$B6) -> 233.84319 | E6: =SUMIFS('Ingredient Costing'!$L$2:$L$559,'Ingredient Costing'!$A$2:$A$559,$B6) -> 481.79 | F6: =COUNTIFS('Ingredient Costing'!$A$2:$A$559,$B6,'Ingredient Costing'!$D$2:$D$559,"Costed")+COUNTIFS('Ingredient Costing'!$A$2:$A$559,$B6,'Ingredient Costing'!$D$2:$D$559,"Substitute")+COUNTIFS('Ingredient Costing'!$A$2:$A$559,$B6,'Ingredient Costing'!$D$2:$D$559,"Uses 5 Veg Mince") -> 13 | G6: =SUMPRODUCT(('Ingredient Costing'!$A$2:$A$559=$B6)*(('Ingredient Costing'!$D$2:$D$559="Substitute")+(LEFT('Ingredient Costing'!$N$2:$N$559,16)="Amount not given")>0)) -> 1 | H6: =COUNTIFS('Ingredient Costing'!$A$2:$A$559,$B6,'Ingredient Costing'!$D$2:$D$559,"Not at Woolworths") -> 0 | I6: =COUNTIFS('Ingredient Costing'!$A$2:$A$559,$B6,'Ingredient Costing'!$D$2:$D$559,"Basic - not costed") -> 2 | J6: Open post
A7: 6 | B7: Fancy Fish Paste | C7: Snacks | D7: =SUMIFS('Ingredient Costing'!$M$2:$M$559,'Ingredient Costing'!$A$2:$A$559,$B7) -> 57.216 | E7: =SUMIFS('Ingredient Costing'!$L$2:$L$559,'Ingredient Costing'!$A$2:$A$559,$B7) -> 261.94 | F7: =COUNTIFS('Ingredient Costing'!$A$2:$A$559,$B7,'Ingredient Costing'!$D$2:$D$559,"Costed")+COUNTIFS('Ingredient Costing'!$A$2:$A$559,$B7,'Ingredient Costing'!$D$2:$D$559,"Substitute")+COUNTIFS('Ingredient Costing'!$A$2:$A$559,$B7,'Ingredient Costing'!$D$2:$D$559,"Uses 5 Veg Mince") -> 6 | G7: =SUMPRODUCT(('Ingredient Costing'!$A$2:$A$559=$B7)*(('Ingredient Costing'!$D$2:$D$559="Substitute")+(LEFT('Ingredient Costing'!$N$2:$N$559,16)="Amount not given")>0)) -> 4 | H7: =COUNTIFS('Ingredient Costing'!$A$2:$A$559,$B7,'Ingredient Costing'!$D$2:$D$559,"Not at Woolworths") -> 0 | I7: =COUNTIFS('Ingredient Costing'!$A$2:$A$559,$B7,'Ingredient Costing'!$D$2:$D$559,"Basic - not costed") -> 1 | J7: Open post
A8: 7 | B8: Easy Yoghurt Dressing | C8: Sauces & dressings | D8: =SUMIFS('Ingredient Costing'!$M$2:$M$559,'Ingredient Costing'!$A$2:$A$559,$B8) -> 34.3203 | E8: =SUMIFS('Ingredient Costing'!$L$2:$L$559,'Ingredient Costing'!$A$2:$A$559,$B8) -> 163.95 | F8: =COUNTIFS('Ingredient Costing'!$A$2:$A$559,$B8,'Ingredient Costing'!$D$2:$D$559,"Costed")+COUNTIFS('Ingredient Costing'!$A$2:$A$559,$B8,'Ingredient Costing'!$D$2:$D$559,"Substitute")+COUNTIFS('Ingredient Costing'!$A$2:$A$559,$B8,'Ingredient Costing'!$D$2:$D$559,"Uses 5 Veg Mince") -> 5 | G8: =SUMPRODUCT(('Ingredient Costing'!$A$2:$A$559=$B8)*(('Ingredient Costing'!$D$2:$D$559="Substitute")+(LEFT('Ingredient Costing'!$N$2:$N$559,16)="Amount not given")>0)) -> 1 | H8: =COUNTIFS('Ingredient Costing'!$A$2:$A$559,$B8,'Ingredient Costing'!$D$2:$D$559,"Not at Woolworths") -> 0 | I8: =COUNTIFS('Ingredient Costing'!$A$2:$A$559,$B8,'Ingredient Costing'!$D$2:$D$559,"Basic - not costed") -> 1 | J8: Open post
A9: 8 | B9: Hoisin Pork Fillet (with noodles) | C9: Mains | D9: =SUMIFS('Ingredient Costing'!$M$2:$M$559,'Ingredient Costing'!$A$2:$A$559,$B9) -> 299.98727 | E9: =SUMIFS('Ingredient Costing'!$L$2:$L$559,'Ingredient Costing'!$A$2:$A$559,$B9) -> 796.88 | F9: =COUNTIFS('Ingredient Costing'!$A$2:$A$559,$B9,'Ingredient Costing'!$D$2:$D$559,"Costed")+COUNTIFS('Ingredient Costing'!$A$2:$A$559,$B9,'Ingredient Costing'!$D$2:$D$559,"Substitute")+COUNTIFS('Ingredient Costing'!$A$2:$A$559,$B9,'Ingredient Costing'!$D$2:$D$559,"Uses 5 Veg Mince") -> 14 | G9: =SUMPRODUCT(('Ingredient Costing'!$A$2:$A$559=$B9)*(('Ingredient Costing'!$D$2:$D$559="Substitute")+(LEFT('Ingredient Costing'!$N$2:$N$559,16)="Amount not given")>0)) -> 1 | H9: =COUNTIFS('Ingredient Costing'!$A$2:$A$559,$B9,'Ingredient Costing'!$D$2:$D$559,"Not at Woolworths") -> 0 | I9: =COUNTIFS('Ingredient Costing'!$A$2:$A$559,$B9,'Ingredient Costing'!$D$2:$D$559,"Basic - not costed") -> 0 | J9: Open post
A10: 9 | B10: Crispy Chickpeas | C10: Snacks | D10: =SUMIFS('Ingredient Costing'!$M$2:$M$559,'Ingredient Costing'!$A$2:$A$559,$B10) -> 49.6499 | E10: =SUMIFS('Ingredient Costing'!$L$2:$L$559,'Ingredient Costing'!$A$2:$A$559,$B10) -> 202.95 | F10: =COUNTIFS('Ingredient Costing'!$A$2:$A$559,$B10,'Ingredient Costing'!$D$2:$D$559,"Costed")+COUNTIFS('Ingredient Costing'!$A$2:$A$559,$B10,'Ingredient Costing'!$D$2:$D$559,"Substitute")+COUNTIFS('Ingredient Costing'!$A$2:$A$559,$B10,'Ingredient Costing'!$D$2:$D$559,"Uses 5 Veg Mince") -> 5 | G10: =SUMPRODUCT(('Ingredient Costing'!$A$2:$A$559=$B10)*(('Ingredient Costing'!$D$2:$D$559="Substitute")+(LEFT('Ingredient Costing'!$N$2:$N$559,16)="Amount not given")>0)) -> 4 | H10: =COUNTIFS('Ingredient Costing'!$A$2:$A$559,$B10,'Ingredient Costing'!$D$2:$D$559,"Not at Woolworths") -> 0 | I10: =COUNTIFS('Ingredient Costing'!$A$2:$A$559,$B10,'Ingredient Costing'!$D$2:$D$559,"Basic - not costed") -> 1 | J10: Open post
A11: 10 | B11: Homemade Hot Choccie | C11: Drinks | D11: =SUMIFS('Ingredient Costing'!$M$2:$M$559,'Ingredient Costing'!$A$2:$A$559,$B11) -> 9.84966 | E11: =SUMIFS('Ingredient Costing'!$L$2:$L$559,'Ingredient Costing'!$A$2:$A$559,$B11) -> 141.97 | F11: =COUNTIFS('Ingredient Costing'!$A$2:$A$559,$B11,'Ingredient Costing'!$D$2:$D$559,"Costed")+COUNTIFS('Ingredient Costing'!$A$2:$A$559,$B11,'Ingredient Costing'!$D$2:$D$559,"Substitute")+COUNTIFS('Ingredient Costing'!$A$2:$A$559,$B11,'Ingredient Costing'!$D$2:$D$559,"Uses 5 Veg Mince") -> 3 | G11: =SUMPRODUCT(('Ingredient Costing'!$A$2:$A$559=$B11)*(('Ingredient Costing'!$D$2:$D$559="Substitute")+(LEFT('Ingredient Costing'!$N$2:$N$559,16)="Amount not given")>0)) -> 0 | H11: =COUNTIFS('Ingredient Costing'!$A$2:$A$559,$B11,'Ingredient Costing'!$D$2:$D$559,"Not at Woolworths") -> 0 | I11: =COUNTIFS('Ingredient Costing'!$A$2:$A$559,$B11,'Ingredient Costing'!$D$2:$D$559,"Basic - not costed") -> 0 | J11: Open post
A12: 11 | B12: Cottage Pie with Crispy Potato & Parmesan Crust | C12: Mains | D12: =SUMIFS('Ingredient Costing'!$M$2:$M$559,'Ingredient Costing'!$A$2:$A$559,$B12) -> 258.52809 | E12: =SUMIFS('Ingredient Costing'!$L$2:$L$559,'Ingredient Costing'!$A$2:$A$559,$B12) -> 499.76 | F12: =COUNTIFS('Ingredient Costing'!$A$2:$A$559,$B12,'Ingredient Costing'!$D$2:$D$559,"Costed")+COUNTIFS('Ingredient Costing'!$A$2:$A$559,$B12,'Ingredient Costing'!$D$2:$D$559,"Substitute")+COUNTIFS('Ingredient Costing'!$A$2:$A$559,$B12,'Ingredient Costing'!$D$2:$D$559,"Uses 5 Veg Mince") -> 14 | G12: =SUMPRODUCT(('Ingredient Costing'!$A$2:$A$559=$B12)*(('Ingredient Costing'!$D$2:$D$559="Substitute")+(LEFT('Ingredient Costing'!$N$2:$N$559,16)="Amount not given")>0)) -> 4 | H12: =COUNTIFS('Ingredient Costing'!$A$2:$A$559,$B12,'Ingredient Costing'!$D$2:$D$559,"Not at Woolworths") -> 0 | I12: =COUNTIFS('Ingredient Costing'!$A$2:$A$559,$B12,'Ingredient Costing'!$D$2:$D$559,"Basic - not costed") -> 1 | J12: Open post
A13: 12 | B13: Quick & Easy Chicken Parmigiana | C13: Mains | D13: =SUMIFS('Ingredient Costing'!$M$2:$M$559,'Ingredient Costing'!$A$2:$A$559,$B13) -> 248.5015 | E13: =SUMIFS('Ingredient Costing'!$L$2:$L$559,'Ingredient Costing'!$A$2:$A$559,$B13) -> 387.94 | F13: =COUNTIFS('Ingredient Costing'!$A$2:$A$559,$B13,'Ingredient Costing'!$D$2:$D$559,"Costed")+COUNTIFS('Ingredient Costing'!$A$2:$A$559,$B13,'Ingredient Costing'!$D$2:$D$559,"Substitute")+COUNTIFS('Ingredient Costing'!$A$2:$A$559,$B13,'Ingredient Costing'!$D$2:$D$559,"Uses 5 Veg Mince") -> 7 | G13: =SUMPRODUCT(('Ingredient Costing'!$A$2:$A$559=$B13)*(('Ingredient Costing'!$D$2:$D$559="Substitute")+(LEFT('Ingredient Costing'!$N$2:$N$559,16)="Amount not given")>0)) -> 6 | H13: =COUNTIFS('Ingredient Costing'!$A$2:$A$559,$B13,'Ingredient Costing'!$D$2:$D$559,"Not at Woolworths") -> 0 | I13: =COUNTIFS('Ingredient Costing'!$A$2:$A$559,$B13,'Ingredient Costing'!$D$2:$D$559,"Basic - not costed") -> 1 | J13: Open post
... A68: 67 | B68: Biscoff Crumble Vanilla Ice Cream | C68: Desserts & ice cream | D68: =SUMIFS('Ingredient Costing'!$M$2:$M$559,'Ingredient Costing'!$A$2:$A$559,$B68) -> 108.1245 | E68: =SUMIFS('Ingredient Costing'!$L$2:$L$559,'Ingredient Costing'!$A$2:$A$559,$B68) -> 179.95 | F68: =COUNTIFS('Ingredient Costing'!$A$2:$A$559,$B68,'Ingredient Costing'!$D$2:$D$559,"Costed")+COUNTIFS('Ingredient Costing'!$A$2:$A$559,$B68,'Ingredient Costing'!$D$2:$D$559,"Substitute")+COUNTIFS('Ingredient Costing'!$A$2:$A$559,$B68,'Ingredient Costing'!$D$2:$D$559,"Uses 5 Veg Mince") -> 5 | G68: =SUMPRODUCT(('Ingredient Costing'!$A$2:$A$559=$B68)*(('Ingredient Costing'!$D$2:$D$559="Substitute")+(LEFT('Ingredient Costing'!$N$2:$N$559,16)="Amount not given")>0)) -> 1 | H68: =COUNTIFS('Ingredient Costing'!$A$2:$A$559,$B68,'Ingredient Costing'!$D$2:$D$559,"Not at Woolworths") -> 0 | I68: =COUNTIFS('Ingredient Costing'!$A$2:$A$559,$B68,'Ingredient Costing'!$D$2:$D$559,"Basic - not costed") -> 1 | J68: Open post
B70: Average per recipe | D70: =AVERAGE(D2:D68) -> 174.20285 | E70: =AVERAGE(E2:E68) -> 378.05567
B71: =" Prices: woolworths.co.za, 6 Oct 2026 - basis: "&'Notes & Assumptions'!$C$4 -> Prices: woolworths.co.za, 6 Oct 2026 - basis: Today
B72: See the Notes & Assumptions tab for what is and isn't included.

Sheet Recipes
A1: # | B1: Recipe | C1: Category | D1: Ingredients | E1: No. of ingredients | F1: Notes | G1: Post link | H1: Cost per make (R) | I1: Shop-from-scratch cost (R)
A2: 1 | B2: Easy Chicken Pie | C2: Mains | D2: • 1 packet fresh chicken soup • 1 cup lightly cooked vegetables (diced baby marrows & carrots) • 1 rotisserie chicken (breast & thigh), sliced • Puff pastry • 1 egg, for brushing • Green salad, to serve | E2: 6 | F2: Bake 180°C ~40 min. Pinned post. | G2: https://www.instagram.com/jadeseeliger_dietitian/reel/C4Pw3ETK0PZ/ | H2: =INDEX('Recipe Costs'!$D$2:$D$68,MATCH($B2,'Recipe Costs'!$B$2:$B$68,0)) -> 281.35513 | I2: =INDEX('Recipe Costs'!$E$2:$E$68,MATCH($B2,'Recipe Costs'!$B$2:$B$68,0)) -> 345.93
A3: 2 | B3: Bougie-Up Your Veg (toppings) | C3: Sides & salads | D3: • Cooked vegetables of choice • Feta, crumbled • Pomegranate seeds • Lemon zest • Balsamic glaze • Rocket leaves • Good olive oil | E3: 7 | F3: A topping idea rather than a full recipe. | G3: https://www.instagram.com/jadeseeliger_dietitian/reel/DeE9erkuKNG/ | H3: =INDEX('Recipe Costs'!$D$2:$D$68,MATCH($B3,'Recipe Costs'!$B$2:$B$68,0)) -> 100.41483 | I3: =INDEX('Recipe Costs'!$E$2:$E$68,MATCH($B3,'Recipe Costs'!$B$2:$B$68,0)) -> 339.93
A4: 3 | B4: Spinach & Feta Filo Tart | C4: Mains | D4: • 2–3 sheets filo pastry (+1 extra for topping) • Olive oil spray • 500 g spinach • 2 eggs • 1 round feta, crumbled • 1 onion, diced • Zest of 1 lemon • Sesame seeds • Salt | E4: 9 | F4: Bake 180°C ~30 min. | G4: https://www.instagram.com/jadeseeliger_dietitian/reel/Dd8O2VGO5wJ/ | H4: =INDEX('Recipe Costs'!$D$2:$D$68,MATCH($B4,'Recipe Costs'!$B$2:$B$68,0)) -> 101.48204 | I4: =INDEX('Recipe Costs'!$E$2:$E$68,MATCH($B4,'Recipe Costs'!$B$2:$B$68,0)) -> 501.82
A5: 4 | B5: Pampoen Tert (lower-sugar) | C5: Baking & sweet treats | D5: • 800 g pumpkin, cooked & mashed • 2 cups flour • 3 eggs • ¼ cup sugar • 3 tsp baking powder • 1 tsp salt • 1 Tbsp vanilla essence • 50 g butter, melted • Cinnamon & sugar, to sprinkle | E5: 9 | F5: Bake 180°C 30–35 min. | G5: https://www.instagram.com/jadeseeliger_dietitian/reel/Ddy_YDmuIFf/ | H5: =INDEX('Recipe Costs'!$D$2:$D$68,MATCH($B5,'Recipe Costs'!$B$2:$B$68,0)) -> 102.58268 | I5: =INDEX('Recipe Costs'!$E$2:$E$68,MATCH($B5,'Recipe Costs'!$B$2:$B$68,0)) -> 299.92
A6: 5 | B6: Sticky Glazed Meatloaf | C6: Mains | D6: • 1 kg lean beef mince • 1 medium onion, finely chopped • 2 green apples, grated • 2 large eggs • 3 garlic cloves, minced • 2 Tbsp tomato sauce • 3 Tbsp fresh parsley (or 1 Tbsp dried Italian herbs) • ¾ cup breadcrumbs • ⅔ cup milk • 1 tsp salt • 1 tsp Italian seasoning • ½ tsp ground black pepper • Glaze: ⅓ cup tomato sauce • Glaze: ⅓ cup HP sauce • Glaze: 2 Tbsp vinegar | E6: 15 | F6: 180°C 40 min, glaze, then 15 min more. Served with mash & petit pois. | G6: https://www.instagram.com/jadeseeliger_dietitian/reel/DdndJTwOoVo/ | H6: =INDEX('Recipe Costs'!$D$2:$D$68,MATCH($B6,'Recipe Costs'!$B$2:$B$68,0)) -> 233.84319 | I6: =INDEX('Recipe Costs'!$E$2:$E$68,MATCH($B6,'Recipe Costs'!$B$2:$B$68,0)) -> 481.79
A7: 6 | B7: Fancy Fish Paste | C7: Snacks | D7: • 1 tin sardines, drained • ½ red onion, chopped • Lemon juice • Fresh coriander • Toast, to serve • Black pepper • Chilli oil (optional) | E7: 7 | F7: Blend and spread on toast. | G7: https://www.instagram.com/jadeseeliger_dietitian/reel/DdVYOW3OQ-B/ | H7: =INDEX('Recipe Costs'!$D$2:$D$68,MATCH($B7,'Recipe Costs'!$B$2:$B$68,0)) -> 57.216 | I7: =INDEX('Recipe Costs'!$E$2:$E$68,MATCH($B7,'Recipe Costs'!$B$2:$B$68,0)) -> 261.94
A8: 7 | B8: Easy Yoghurt Dressing | C8: Sauces & dressings | D8: • ½ cup yoghurt • Juice + zest of 1 lemon • 1 Tbsp mayonnaise • Salt & pepper • Fresh chives, chopped • 2 garlic cloves, crushed | E8: 6 | F8: Keeps 3–4 days in the fridge. | G8: https://www.instagram.com/jadeseeliger_dietitian/reel/DdRkcBTuh1n/ | H8: =INDEX('Recipe Costs'!$D$2:$D$68,MATCH($B8,'Recipe Costs'!$B$2:$B$68,0)) -> 34.3203 | I8: =INDEX('Recipe Costs'!$E$2:$E$68,MATCH($B8,'Recipe Costs'!$B$2:$B$68,0)) -> 163.95
A9: 8 | B9: Hoisin Pork Fillet (with noodles) | C9: Mains | D9: • 4 Tbsp hoisin sauce (+ extra to serve) • 1 pork fillet, trimmed • 3 whole-wheat egg noodle nests • 1 Tbsp sesame oil • 1 Tbsp grated ginger • 2 garlic cloves, crushed • 200 g baby spinach • 1 bunch spring onions, sliced • 110 g podded edamame beans • 1 Tbsp sesame seeds, toasted (+1 tsp to garnish) • 1 avocado, cubed • Lemon juice (for the avo) • 2 tsp low-salt soy sauce • 1 Tbsp rice vinegar | E9: 14 | F9: Serves 4. Air fryer 180°C 7 min or oven 15 min. | G9: https://www.instagram.com/jadeseeliger_dietitian/reel/DdO8M8FuXEr/ | H9: =INDEX('Recipe Costs'!$D$2:$D$68,MATCH($B9,'Recipe Costs'!$B$2:$B$68,0)) -> 299.98727 | I9: =INDEX('Recipe Costs'!$E$2:$E$68,MATCH($B9,'Recipe Costs'!$B$2:$B$68,0)) -> 796.88
A10: 9 | B10: Crispy Chickpeas | C10: Snacks | D10: • 1 tin chickpeas • Lemon-flavoured olive oil • Lemon (juice) • Fresh rosemary • Garlic • Salt | E10: 6 | F10: Air fryer 180°C ~40 min. | G10: https://www.instagram.com/jadeseeliger_dietitian/reel/DdHG5X4uiMl/ | H10: =INDEX('Recipe Costs'!$D$2:$D$68,MATCH($B10,'Recipe Costs'!$B$2:$B$68,0)) -> 49.6499 | I10: =INDEX('Recipe Costs'!$E$2:$E$68,MATCH($B10,'Recipe Costs'!$B$2:$B$68,0)) -> 202.95
A11: 10 | B11: Homemade Hot Choccie | C11: Drinks | D11: • 1 cup full-cream or low-fat milk • 1 Tbsp cocoa powder • 1 tsp sugar | E11: 3 | F11: Serves 1 – multiply for the family. | G11: https://www.instagram.com/jadeseeliger_dietitian/reel/DdCENQ7u7V6/ | H11: =INDEX('Recipe Costs'!$D$2:$D$68,MATCH($B11,'Recipe Costs'!$B$2:$B$68,0)) -> 9.84966 | I11: =INDEX('Recipe Costs'!$E$2:$E$68,MATCH($B11,'Recipe Costs'!$B$2:$B$68,0)) -> 141.97
A12: 11 | B12: Cottage Pie with Crispy Potato & Parmesan Crust | C12: Mains | D12: • 500 g lean mince • 1 medium onion, chopped • 2–3 garlic cloves, crushed • 2 medium carrots, grated • 2 large mushrooms, grated • 4–5 baby marrows, grated • 2 tomatoes, diced • 1 tin tomato & onion mix • 2 sachets tomato paste • Fresh basil/thyme • 1 tsp sugar • ½ tsp salt • Pre-cooked potatoes, sliced • Parmesan, grated • Fresh thyme | E12: 15 | F12: Mince simmers 30–40 min; air fryer 200°C ~20 min to finish. | G12: https://www.instagram.com/jadeseeliger_dietitian/reel/DdCER0yh3Ue/ | H12: =INDEX('Recipe Costs'!$D$2:$D$68,MATCH($B12,'Recipe Costs'!$B$2:$B$68,0)) -> 258.52809 | I12: =INDEX('Recipe Costs'!$E$2:$E$68,MATCH($B12,'Recipe Costs'!$B$2:$B$68,0)) -> 499.76
A13: 12 | B13: Quick & Easy Chicken Parmigiana | C13: Mains | D13: • Deboned skinless chicken thighs • Plain yoghurt (marinade) • Breadcrumbs • Salt & pepper • Italian herbs • Zest of 1 lemon • Ready-made tomato soup • Grated cheddar | E13: 8 | F13: No quantities given. | G13: https://www.instagram.com/jadeseeliger_dietitian/reel/Dcq5Ap0h3tG/ | H13: =INDEX('Recipe Costs'!$D$2:$D$68,MATCH($B13,'Recipe Costs'!$B$2:$B$68,0)) -> 248.5015 | I13: =INDEX('Recipe Costs'!$E$2:$E$68,MATCH($B13,'Recipe Costs'!$B$2:$B$68,0)) -> 387.94
... A68: 67 | B68: Biscoff Crumble Vanilla Ice Cream | C68: Desserts & ice cream | D68: • 500 ml fresh cream • ½ cup white sugar • 1 cup milk • 2 tsp vanilla extract • 1 tsp salt • Biscoff biscuits, crushed | E68: 6 | F68: Churned in an ice-cream maker (~30 min). | G68: https://www.instagram.com/jadeseeliger_dietitian/reel/DU7hE3UiBVI/ | H68: =INDEX('Recipe Costs'!$D$2:$D$68,MATCH($B68,'Recipe Costs'!$B$2:$B$68,0)) -> 108.1245 | I68: =INDEX('Recipe Costs'!$E$2:$E$68,MATCH($B68,'Recipe Costs'!$B$2:$B$68,0)) -> 179.95

Sheet Ingredient Costing
A1: Recipe | B1: Category | C1: Ingredient (from post) | D1: Status | E1: Product key | F1: Woolworths product | G1: Qty used | H1: Unit | I1: Pack size | J1: Pack price (R) | K1: Packs to buy | L1: Shop cost (R) | M1: Cost of amount used (R) | N1: Note / assumption
A2: Easy Chicken Pie | B2: Mains | C2: 1 packet fresh chicken soup | D2: Costed | E2: fresh_chicken_soup | F2: =INDEX('Woolworths Products'!$B$2:$B$208,MATCH($E2,'Woolworths Products'!$A$2:$A$208,0)) -> Farmhouse Chicken Soup 600 g | G2: 1 | H2: =INDEX('Woolworths Products'!$G$2:$G$208,MATCH($E2,'Woolworths Products'!$A$2:$A$208,0)) -> ea | I2: =INDEX('Woolworths Products'!$F$2:$F$208,MATCH($E2,'Woolworths Products'!$A$2:$A$208,0)) -> 1 | J2: =INDEX('Woolworths Products'!$E$2:$E$208,MATCH($E2,'Woolworths Products'!$A$2:$A$208,0)) -> 74.99 | K2: =IF(COUNTIFS($A$2:A2,A2,$E$2:E2,E2)=1,ROUNDUP(SUMIFS($G:$G,$A:$A,A2,$E:$E,E2)/I2,0),0) -> 1 | L2: =K2*J2 -> 74.99 | M2: =G2/I2*J2 -> 74.99
A3: Easy Chicken Pie | B3: Mains | C3: 1 cup lightly cooked vegetables (diced baby marrows & carrots) | D3: Costed | E3: baby_marrows | F3: =INDEX('Woolworths Products'!$B$2:$B$208,MATCH($E3,'Woolworths Products'!$A$2:$A$208,0)) -> Baby Marrows 350 g | G3: 70 | H3: =INDEX('Woolworths Products'!$G$2:$G$208,MATCH($E3,'Woolworths Products'!$A$2:$A$208,0)) -> g | I3: =INDEX('Woolworths Products'!$F$2:$F$208,MATCH($E3,'Woolworths Products'!$A$2:$A$208,0)) -> 350 | J3: =INDEX('Woolworths Products'!$E$2:$E$208,MATCH($E3,'Woolworths Products'!$A$2:$A$208,0)) -> 32.99 | K3: =IF(COUNTIFS($A$2:A3,A3,$E$2:E3,E3)=1,ROUNDUP(SUMIFS($G:$G,$A:$A,A3,$E:$E,E3)/I3,0),0) -> 1 | L3: =K3*J3 -> 32.99 | M3: =G3/I3*J3 -> 6.598 | N3: 1 cup veg split as ~70 g baby marrow + ~60 g carrot
A4: Easy Chicken Pie | B4: Mains | C4: 1 cup lightly cooked vegetables (diced baby marrows & carrots) (part 2) | D4: Costed | E4: carrots | F4: =INDEX('Woolworths Products'!$B$2:$B$208,MATCH($E4,'Woolworths Products'!$A$2:$A$208,0)) -> Medium Carrots 500 g | G4: 60 | H4: =INDEX('Woolworths Products'!$G$2:$G$208,MATCH($E4,'Woolworths Products'!$A$2:$A$208,0)) -> g | I4: =INDEX('Woolworths Products'!$F$2:$F$208,MATCH($E4,'Woolworths Products'!$A$2:$A$208,0)) -> 500 | J4: =INDEX('Woolworths Products'!$E$2:$E$208,MATCH($E4,'Woolworths Products'!$A$2:$A$208,0)) -> 14.99 | K4: =IF(COUNTIFS($A$2:A4,A4,$E$2:E4,E4)=1,ROUNDUP(SUMIFS($G:$G,$A:$A,A4,$E:$E,E4)/I4,0),0) -> 1 | L4: =K4*J4 -> 14.99 | M4: =G4/I4*J4 -> 1.7988
A5: Easy Chicken Pie | B5: Mains | C5: 1 rotisserie chicken (breast & thigh), sliced | D5: Costed | E5: rotisserie_chicken | F5: =INDEX('Woolworths Products'!$B$2:$B$208,MATCH($E5,'Woolworths Products'!$A$2:$A$208,0)) -> Medium Rotisserie Chicken | G5: 1 | H5: =INDEX('Woolworths Products'!$G$2:$G$208,MATCH($E5,'Woolworths Products'!$A$2:$A$208,0)) -> ea | I5: =INDEX('Woolworths Products'!$F$2:$F$208,MATCH($E5,'Woolworths Products'!$A$2:$A$208,0)) -> 1 | J5: =INDEX('Woolworths Products'!$E$2:$E$208,MATCH($E5,'Woolworths Products'!$A$2:$A$208,0)) -> 119.99 | K5: =IF(COUNTIFS($A$2:A5,A5,$E$2:E5,E5)=1,ROUNDUP(SUMIFS($G:$G,$A:$A,A5,$E:$E,E5)/I5,0),0) -> 1 | L5: =K5*J5 -> 119.99 | M5: =G5/I5*J5 -> 119.99
A6: Easy Chicken Pie | B6: Mains | C6: Puff pastry | D6: Costed | E6: puff_pastry | F6: =INDEX('Woolworths Products'!$B$2:$B$208,MATCH($E6,'Woolworths Products'!$A$2:$A$208,0)) -> Frozen Puff Pastry Roll 400 g | G6: 1 | H6: =INDEX('Woolworths Products'!$G$2:$G$208,MATCH($E6,'Woolworths Products'!$A$2:$A$208,0)) -> ea | I6: =INDEX('Woolworths Products'!$F$2:$F$208,MATCH($E6,'Woolworths Products'!$A$2:$A$208,0)) -> 1 | J6: =INDEX('Woolworths Products'!$E$2:$E$208,MATCH($E6,'Woolworths Products'!$A$2:$A$208,0)) -> 42.99 | K6: =IF(COUNTIFS($A$2:A6,A6,$E$2:E6,E6)=1,ROUNDUP(SUMIFS($G:$G,$A:$A,A6,$E:$E,E6)/I6,0),0) -> 1 | L6: =K6*J6 -> 42.99 | M6: =G6/I6*J6 -> 42.99 | N6: Amount not given - assumed 1 roll
A7: Easy Chicken Pie | B7: Mains | C7: 1 egg, for brushing | D7: Costed | E7: eggs | F7: =INDEX('Woolworths Products'!$B$2:$B$208,MATCH($E7,'Woolworths Products'!$A$2:$A$208,0)) -> Free Range Mixed Sizes Chilled Eggs 6 pk | G7: 1 | H7: =INDEX('Woolworths Products'!$G$2:$G$208,MATCH($E7,'Woolworths Products'!$A$2:$A$208,0)) -> ea | I7: =INDEX('Woolworths Products'!$F$2:$F$208,MATCH($E7,'Woolworths Products'!$A$2:$A$208,0)) -> 6 | J7: =INDEX('Woolworths Products'!$E$2:$E$208,MATCH($E7,'Woolworths Products'!$A$2:$A$208,0)) -> 29.99 | K7: =IF(COUNTIFS($A$2:A7,A7,$E$2:E7,E7)=1,ROUNDUP(SUMIFS($G:$G,$A:$A,A7,$E:$E,E7)/I7,0),0) -> 1 | L7: =K7*J7 -> 29.99 | M7: =G7/I7*J7 -> 4.9983333
A8: Easy Chicken Pie | B8: Mains | C8: Green salad, to serve | D8: Costed | E8: salad_leaves | F8: =INDEX('Woolworths Products'!$B$2:$B$208,MATCH($E8,'Woolworths Products'!$A$2:$A$208,0)) -> Mixed Leaf Salad 180 g | G8: 1 | H8: =INDEX('Woolworths Products'!$G$2:$G$208,MATCH($E8,'Woolworths Products'!$A$2:$A$208,0)) -> ea | I8: =INDEX('Woolworths Products'!$F$2:$F$208,MATCH($E8,'Woolworths Products'!$A$2:$A$208,0)) -> 1 | J8: =INDEX('Woolworths Products'!$E$2:$E$208,MATCH($E8,'Woolworths Products'!$A$2:$A$208,0)) -> 29.99 | K8: =IF(COUNTIFS($A$2:A8,A8,$E$2:E8,E8)=1,ROUNDUP(SUMIFS($G:$G,$A:$A,A8,$E:$E,E8)/I8,0),0) -> 1 | L8: =K8*J8 -> 29.99 | M8: =G8/I8*J8 -> 29.99 | N8: Amount not given - assumed 1 bag
A9: Bougie-Up Your Veg (toppings) | B9: Sides & salads | C9: Cooked vegetables of choice | D9: Costed | E9: baby_marrows | F9: =INDEX('Woolworths Products'!$B$2:$B$208,MATCH($E9,'Woolworths Products'!$A$2:$A$208,0)) -> Baby Marrows 350 g | G9: 350 | H9: =INDEX('Woolworths Products'!$G$2:$G$208,MATCH($E9,'Woolworths Products'!$A$2:$A$208,0)) -> g | I9: =INDEX('Woolworths Products'!$F$2:$F$208,MATCH($E9,'Woolworths Products'!$A$2:$A$208,0)) -> 350 | J9: =INDEX('Woolworths Products'!$E$2:$E$208,MATCH($E9,'Woolworths Products'!$A$2:$A$208,0)) -> 32.99 | K9: =IF(COUNTIFS($A$2:A9,A9,$E$2:E9,E9)=1,ROUNDUP(SUMIFS($G:$G,$A:$A,A9,$E:$E,E9)/I9,0),0) -> 1 | L9: =K9*J9 -> 32.99 | M9: =G9/I9*J9 -> 32.99 | N9: Amount not given - assumed 1 punnet baby marrows as the veg
A10: Bougie-Up Your Veg (toppings) | B10: Sides & salads | C10: Feta, crumbled | D10: Costed | E10: feta | F10: =INDEX('Woolworths Products'!$B$2:$B$208,MATCH($E10,'Woolworths Products'!$A$2:$A$208,0)) -> Plain South African Feta Cheese 100 g | G10: 50 | H10: =INDEX('Woolworths Products'!$G$2:$G$208,MATCH($E10,'Woolworths Products'!$A$2:$A$208,0)) -> g | I10: =INDEX('Woolworths Products'!$F$2:$F$208,MATCH($E10,'Woolworths Products'!$A$2:$A$208,0)) -> 100 | J10: =INDEX('Woolworths Products'!$E$2:$E$208,MATCH($E10,'Woolworths Products'!$A$2:$A$208,0)) -> 24.99 | K10: =IF(COUNTIFS($A$2:A10,A10,$E$2:E10,E10)=1,ROUNDUP(SUMIFS($G:$G,$A:$A,A10,$E:$E,E10)/I10,0),0) -> 1 | L10: =K10*J10 -> 24.99 | M10: =G10/I10*J10 -> 12.495 | N10: Amount not given - assumed 50 g
A11: Bougie-Up Your Veg (toppings) | B11: Sides & salads | C11: Pomegranate seeds | D11: Costed | E11: pomegranate | F11: =INDEX('Woolworths Products'!$B$2:$B$208,MATCH($E11,'Woolworths Products'!$A$2:$A$208,0)) -> Pomegranate Rubies 175 g | G11: 50 | H11: =INDEX('Woolworths Products'!$G$2:$G$208,MATCH($E11,'Woolworths Products'!$A$2:$A$208,0)) -> g | I11: =INDEX('Woolworths Products'!$F$2:$F$208,MATCH($E11,'Woolworths Products'!$A$2:$A$208,0)) -> 175 | J11: =INDEX('Woolworths Products'!$E$2:$E$208,MATCH($E11,'Woolworths Products'!$A$2:$A$208,0)) -> 54.99 | K11: =IF(COUNTIFS($A$2:A11,A11,$E$2:E11,E11)=1,ROUNDUP(SUMIFS($G:$G,$A:$A,A11,$E:$E,E11)/I11,0),0) -> 1 | L11: =K11*J11 -> 54.99 | M11: =G11/I11*J11 -> 15.711429 | N11: Amount not given - assumed 50 g
A12: Bougie-Up Your Veg (toppings) | B12: Sides & salads | C12: Lemon zest | D12: Costed | E12: lemons | F12: =INDEX('Woolworths Products'!$B$2:$B$208,MATCH($E12,'Woolworths Products'!$A$2:$A$208,0)) -> Lemons 3 pk | G12: 1 | H12: =INDEX('Woolworths Products'!$G$2:$G$208,MATCH($E12,'Woolworths Products'!$A$2:$A$208,0)) -> ea | I12: =INDEX('Woolworths Products'!$F$2:$F$208,MATCH($E12,'Woolworths Products'!$A$2:$A$208,0)) -> 3 | J12: =INDEX('Woolworths Products'!$E$2:$E$208,MATCH($E12,'Woolworths Products'!$A$2:$A$208,0)) -> 27.99 | K12: =IF(COUNTIFS($A$2:A12,A12,$E$2:E12,E12)=1,ROUNDUP(SUMIFS($G:$G,$A:$A,A12,$E:$E,E12)/I12,0),0) -> 1 | L12: =K12*J12 -> 27.99 | M12: =G12/I12*J12 -> 9.33
A13: Bougie-Up Your Veg (toppings) | B13: Sides & salads | C13: Balsamic glaze | D13: Costed | E13: balsamic_glaze | F13: =INDEX('Woolworths Products'!$B$2:$B$208,MATCH($E13,'Woolworths Products'!$A$2:$A$208,0)) -> Plain Crema - Balsamic Vinegar Reduction 150 ml | G13: 15 | H13: =INDEX('Woolworths Products'!$G$2:$G$208,MATCH($E13,'Woolworths Products'!$A$2:$A$208,0)) -> ml | I13: =INDEX('Woolworths Products'!$F$2:$F$208,MATCH($E13,'Woolworths Products'!$A$2:$A$208,0)) -> 150 | J13: =INDEX('Woolworths Products'!$E$2:$E$208,MATCH($E13,'Woolworths Products'!$A$2:$A$208,0)) -> 72.99 | K13: =IF(COUNTIFS($A$2:A13,A13,$E$2:E13,E13)=1,ROUNDUP(SUMIFS($G:$G,$A:$A,A13,$E:$E,E13)/I13,0),0) -> 1 | L13: =K13*J13 -> 72.99 | M13: =G13/I13*J13 -> 7.299 | N13: Amount not given - assumed 1 Tbsp
A14: Bougie-Up Your Veg (toppings) | B14: Sides & salads | C14: Rocket leaves | D14: Costed | E14: rocket | F14: =INDEX('Woolworths Products'!$B$2:$B$208,MATCH($E14,'Woolworths Products'!$A$2:$A$208,0)) -> Fresh Wild Rocket 30 g | G14: 1 | H14: =INDEX('Woolworths Products'!$G$2:$G$208,MATCH($E14,'Woolworths Products'!$A$2:$A$208,0)) -> ea | I14: =INDEX('Woolworths Products'!$F$2:$F$208,MATCH($E14,'Woolworths Products'!$A$2:$A$208,0)) -> 1 | J14: =INDEX('Woolworths Products'!$E$2:$E$208,MATCH($E14,'Woolworths Products'!$A$2:$A$208,0)) -> 15.99 | K14: =IF(COUNTIFS($A$2:A14,A14,$E$2:E14,E14)=1,ROUNDUP(SUMIFS($G:$G,$A:$A,A14,$E:$E,E14)/I14,0),0) -> 1 | L14: =K14*J14 -> 15.99 | M14: =G14/I14*J14 -> 15.99 | N14: Amount not given - assumed 1 bag
A15: Bougie-Up Your Veg (toppings) | B15: Sides & salads | C15: Good olive oil | D15: Costed | E15: olive_oil | F15: =INDEX('Woolworths Products'!$B$2:$B$208,MATCH($E15,'Woolworths Products'!$A$2:$A$208,0)) -> Prince Albert Extra Virgin Olive Oil 250 ml | G15: 15 | H15: =INDEX('Woolworths Products'!$G$2:$G$208,MATCH($E15,'Woolworths Products'!$A$2:$A$208,0)) -> ml | I15: =INDEX('Woolworths Products'!$F$2:$F$208,MATCH($E15,'Woolworths Products'!$A$2:$A$208,0)) -> 250 | J15: =INDEX('Woolworths Products'!$E$2:$E$208,MATCH($E15,'Woolworths Products'!$A$2:$A$208,0)) -> 109.99 | K15: =IF(COUNTIFS($A$2:A15,A15,$E$2:E15,E15)=1,ROUNDUP(SUMIFS($G:$G,$A:$A,A15,$E:$E,E15)/I15,0),0) -> 1 | L15: =K15*J15 -> 109.99 | M15: =G15/I15*J15 -> 6.5994 | N15: Amount not given - assumed 1 Tbsp
A16: Spinach & Feta Filo Tart | B16: Mains | C16: 2–3 sheets filo pastry (+1 extra for topping) | D16: Costed | E16: filo | F16: =INDEX('Woolworths Products'!$B$2:$B$208,MATCH($E16,'Woolworths Products'!$A$2:$A$208,0)) -> Frozen Phyllo Pastry 500 g | G16: 100 | H16: =INDEX('Woolworths Products'!$G$2:$G$208,MATCH($E16,'Woolworths Products'!$A$2:$A$208,0)) -> g | I16: =INDEX('Woolworths Products'!$F$2:$F$208,MATCH($E16,'Woolworths Products'!$A$2:$A$208,0)) -> 500 | J16: =INDEX('Woolworths Products'!$E$2:$E$208,MATCH($E16,'Woolworths Products'!$A$2:$A$208,0)) -> 67.99 | K16: =IF(COUNTIFS($A$2:A16,A16,$E$2:E16,E16)=1,ROUNDUP(SUMIFS($G:$G,$A:$A,A16,$E:$E,E16)/I16,0),0) -> 1 | L16: =K16*J16 -> 67.99 | M16: =G16/I16*J16 -> 13.598 | N16: 4 sheets taken as ~100 g
A17: Spinach & Feta Filo Tart | B17: Mains | C17: Olive oil spray | D17: Costed | E17: olive_oil_spray | F17: =INDEX('Woolworths Products'!$B$2:$B$208,MATCH($E17,'Woolworths Products'!$A$2:$A$208,0)) -> Extra Virgin Olive Oil Spray 250 ml | G17: 3 | H17: =INDEX('Woolworths Products'!$G$2:$G$208,MATCH($E17,'Woolworths Products'!$A$2:$A$208,0)) -> ml | I17: =INDEX('Woolworths Products'!$F$2:$F$208,MATCH($E17,'Woolworths Products'!$A$2:$A$208,0)) -> 250 | J17: =INDEX('Woolworths Products'!$E$2:$E$208,MATCH($E17,'Woolworths Products'!$A$2:$A$208,0)) -> 199.99 | K17: =IF(COUNTIFS($A$2:A17,A17,$E$2:E17,E17)=1,ROUNDUP(SUMIFS($G:$G,$A:$A,A17,$E:$E,E17)/I17,0),0) -> 1 | L17: =K17*J17 -> 199.99 | M17: =G17/I17*J17 -> 2.39988 | N17: Amount not given - assumed a few sprays
A18: Spinach & Feta Filo Tart | B18: Mains | C18: 500 g spinach | D18: Costed | E18: spinach | F18: =INDEX('Woolworths Products'!$B$2:$B$208,MATCH($E18,'Woolworths Products'!$A$2:$A$208,0)) -> Whole Spinach 350 g | G18: 500 | H18: =INDEX('Woolworths Products'!$G$2:$G$208,MATCH($E18,'Woolworths Products'!$A$2:$A$208,0)) -> g | I18: =INDEX('Woolworths Products'!$F$2:$F$208,MATCH($E18,'Woolworths Products'!$A$2:$A$208,0)) -> 350 | J18: =INDEX('Woolworths Products'!$E$2:$E$208,MATCH($E18,'Woolworths Products'!$A$2:$A$208,0)) -> 22.99 | K18: =IF(COUNTIFS($A$2:A18,A18,$E$2:E18,E18)=1,ROUNDUP(SUMIFS($G:$G,$A:$A,A18,$E:$E,E18)/I18,0),0) -> 2 | L18: =K18*J18 -> 45.98 | M18: =G18/I18*J18 -> 32.842857
A19: Spinach & Feta Filo Tart | B19: Mains | C19: 2 eggs | D19: Costed | E19: eggs | F19: =INDEX('Woolworths Products'!$B$2:$B$208,MATCH($E19,'Woolworths Products'!$A$2:$A$208,0)) -> Free Range Mixed Sizes Chilled Eggs 6 pk | G19: 2 | H19: =INDEX('Woolworths Products'!$G$2:$G$208,MATCH($E19,'Woolworths Products'!$A$2:$A$208,0)) -> ea | I19: =INDEX('Woolworths Products'!$F$2:$F$208,MATCH($E19,'Woolworths Products'!$A$2:$A$208,0)) -> 6 | J19: =INDEX('Woolworths Products'!$E$2:$E$208,MATCH($E19,'Woolworths Products'!$A$2:$A$208,0)) -> 29.99 | K19: =IF(COUNTIFS($A$2:A19,A19,$E$2:E19,E19)=1,ROUNDUP(SUMIFS($G:$G,$A:$A,A19,$E:$E,E19)/I19,0),0) -> 1 | L19: =K19*J19 -> 29.99 | M19: =G19/I19*J19 -> 9.9966667
A20: Spinach & Feta Filo Tart | B20: Mains | C20: 1 round feta, crumbled | D20: Costed | E20: feta | F20: =INDEX('Woolworths Products'!$B$2:$B$208,MATCH($E20,'Woolworths Products'!$A$2:$A$208,0)) -> Plain South African Feta Cheese 100 g | G20: 100 | H20: =INDEX('Woolworths Products'!$G$2:$G$208,MATCH($E20,'Woolworths Products'!$A$2:$A$208,0)) -> g | I20: =INDEX('Woolworths Products'!$F$2:$F$208,MATCH($E20,'Woolworths Products'!$A$2:$A$208,0)) -> 100 | J20: =INDEX('Woolworths Products'!$E$2:$E$208,MATCH($E20,'Woolworths Products'!$A$2:$A$208,0)) -> 24.99 | K20: =IF(COUNTIFS($A$2:A20,A20,$E$2:E20,E20)=1,ROUNDUP(SUMIFS($G:$G,$A:$A,A20,$E:$E,E20)/I20,0),0) -> 1 | L20: =K20*J20 -> 24.99 | M20: =G20/I20*J20 -> 24.99 | N20: 1 round taken as 100 g
A21: Spinach & Feta Filo Tart | B21: Mains | C21: 1 onion, diced | D21: Costed | E21: onions | F21: =INDEX('Woolworths Products'!$B$2:$B$208,MATCH($E21,'Woolworths Products'!$A$2:$A$208,0)) -> Brown Onions 1 kg | G21: 150 | H21: =INDEX('Woolworths Products'!$G$2:$G$208,MATCH($E21,'Woolworths Products'!$A$2:$A$208,0)) -> g | I21: =INDEX('Woolworths Products'!$F$2:$F$208,MATCH($E21,'Woolworths Products'!$A$2:$A$208,0)) -> 1000 | J21: =INDEX('Woolworths Products'!$E$2:$E$208,MATCH($E21,'Woolworths Products'!$A$2:$A$208,0)) -> 39.9 | K21: =IF(COUNTIFS($A$2:A21,A21,$E$2:E21,E21)=1,ROUNDUP(SUMIFS($G:$G,$A:$A,A21,$E:$E,E21)/I21,0),0) -> 1 | L21: =K21*J21 -> 39.9 | M21: =G21/I21*J21 -> 5.985 | N21: 1 onion taken as 150 g
A22: Spinach & Feta Filo Tart | B22: Mains | C22: Zest of 1 lemon | D22: Costed | E22: lemons | F22: =INDEX('Woolworths Products'!$B$2:$B$208,MATCH($E22,'Woolworths Products'!$A$2:$A$208,0)) -> Lemons 3 pk | G22: 1 | H22: =INDEX('Woolworths Products'!$G$2:$G$208,MATCH($E22,'Woolworths Products'!$A$2:$A$208,0)) -> ea | I22: =INDEX('Woolworths Products'!$F$2:$F$208,MATCH($E22,'Woolworths Products'!$A$2:$A$208,0)) -> 3 | J22: =INDEX('Woolworths Products'!$E$2:$E$208,MATCH($E22,'Woolworths Products'!$A$2:$A$208,0)) -> 27.99 | K22: =IF(COUNTIFS($A$2:A22,A22,$E$2:E22,E22)=1,ROUNDUP(SUMIFS($G:$G,$A:$A,A22,$E:$E,E22)/I22,0),0) -> 1 | L22: =K22*J22 -> 27.99 | M22: =G22/I22*J22 -> 9.33
A23: Spinach & Feta Filo Tart | B23: Mains | C23: Sesame seeds | D23: Costed | E23: sesame_seeds | F23: =INDEX('Woolworths Products'!$B$2:$B$208,MATCH($E23,'Woolworths Products'!$A$2:$A$208,0)) -> White Sesame Seeds 250 g | G23: 9 | H23: =INDEX('Woolworths Products'!$G$2:$G$208,MATCH($E23,'Woolworths Products'!$A$2:$A$208,0)) -> g | I23: =INDEX('Woolworths Products'!$F$2:$F$208,MATCH($E23,'Woolworths Products'!$A$2:$A$208,0)) -> 250 | J23: =INDEX('Woolworths Products'!$E$2:$E$208,MATCH($E23,'Woolworths Products'!$A$2:$A$208,0)) -> 64.99 | K23: =IF(COUNTIFS($A$2:A23,A23,$E$2:E23,E23)=1,ROUNDUP(SUMIFS($G:$G,$A:$A,A23,$E:$E,E23)/I23,0),0) -> 1 | L23: =K23*J23 -> 64.99 | M23: =G23/I23*J23 -> 2.33964 | N23: Amount not given - assumed 1 Tbsp
A24: Spinach & Feta Filo Tart | B24: Mains | C24: Salt | D24: Basic - not costed | L24: 0 | M24: 0 | N24: Salt
A25: Pampoen Tert (lower-sugar) | B25: Baking & sweet treats | C25: 800 g pumpkin, cooked & mashed | D25: Costed | E25: pumpkin | F25: =INDEX('Woolworths Products'!$B$2:$B$208,MATCH($E25,'Woolworths Products'!$A$2:$A$208,0)) -> Bulk Pumpkin 800 g | G25: 800 | H25: =INDEX('Woolworths Products'!$G$2:$G$208,MATCH($E25,'Woolworths Products'!$A$2:$A$208,0)) -> g | I25: =INDEX('Woolworths Products'!$F$2:$F$208,MATCH($E25,'Woolworths Products'!$A$2:$A$208,0)) -> 800 | J25: =INDEX('Woolworths Products'!$E$2:$E$208,MATCH($E25,'Woolworths Products'!$A$2:$A$208,0)) -> 49.99 | K25: =IF(COUNTIFS($A$2:A25,A25,$E$2:E25,E25)=1,ROUNDUP(SUMIFS($G:$G,$A:$A,A25,$E:$E,E25)/I25,0),0) -> 1 | L25: =K25*J25 -> 49.99 | M25: =G25/I25*J25 -> 49.99
A26: Pampoen Tert (lower-sugar) | B26: Baking & sweet treats | C26: 2 cups flour | D26: Costed | E26: cake_flour | F26: =INDEX('Woolworths Products'!$B$2:$B$208,MATCH($E26,'Woolworths Products'!$A$2:$A$208,0)) -> Cake Wheat Flour 1 kg | G26: 250 | H26: =INDEX('Woolworths Products'!$G$2:$G$208,MATCH($E26,'Woolworths Products'!$A$2:$A$208,0)) -> g | I26: =INDEX('Woolworths Products'!$F$2:$F$208,MATCH($E26,'Woolworths Products'!$A$2:$A$208,0)) -> 1000 | J26: =INDEX('Woolworths Products'!$E$2:$E$208,MATCH($E26,'Woolworths Products'!$A$2:$A$208,0)) -> 21.99 | K26: =IF(COUNTIFS($A$2:A26,A26,$E$2:E26,E26)=1,ROUNDUP(SUMIFS($G:$G,$A:$A,A26,$E:$E,E26)/I26,0),0) -> 1 | L26: =K26*J26 -> 21.99 | M26: =G26/I26*J26 -> 5.4975 | N26: 1 cup flour = 125 g
A27: Pampoen Tert (lower-sugar) | B27: Baking & sweet treats | C27: 3 eggs | D27: Costed | E27: eggs | F27: =INDEX('Woolworths Products'!$B$2:$B$208,MATCH($E27,'Woolworths Products'!$A$2:$A$208,0)) -> Free Range Mixed Sizes Chilled Eggs 6 pk | G27: 3 | H27: =INDEX('Woolworths Products'!$G$2:$G$208,MATCH($E27,'Woolworths Products'!$A$2:$A$208,0)) -> ea | I27: =INDEX('Woolworths Products'!$F$2:$F$208,MATCH($E27,'Woolworths Products'!$A$2:$A$208,0)) -> 6 | J27: =INDEX('Woolworths Products'!$E$2:$E$208,MATCH($E27,'Woolworths Products'!$A$2:$A$208,0)) -> 29.99 | K27: =IF(COUNTIFS($A$2:A27,A27,$E$2:E27,E27)=1,ROUNDUP(SUMIFS($G:$G,$A:$A,A27,$E:$E,E27)/I27,0),0) -> 1 | L27: =K27*J27 -> 29.99 | M27: =G27/I27*J27 -> 14.995
A28: Pampoen Tert (lower-sugar) | B28: Baking & sweet treats | C28: ¼ cup sugar | D28: Costed | E28: white_sugar | F28: =INDEX('Woolworths Products'!$B$2:$B$208,MATCH($E28,'Woolworths Products'!$A$2:$A$208,0)) -> White Sugar 1 kg | G28: 50 | H28: =INDEX('Woolworths Products'!$G$2:$G$208,MATCH($E28,'Woolworths Products'!$A$2:$A$208,0)) -> g | I28: =INDEX('Woolworths Products'!$F$2:$F$208,MATCH($E28,'Woolworths Products'!$A$2:$A$208,0)) -> 1000 | J28: =INDEX('Woolworths Products'!$E$2:$E$208,MATCH($E28,'Woolworths Products'!$A$2:$A$208,0)) -> 33.99 | K28: =IF(COUNTIFS($A$2:A28,A28,$E$2:E28,E28)=1,ROUNDUP(SUMIFS($G:$G,$A:$A,A28,$E:$E,E28)/I28,0),0) -> 1 | L28: =K28*J28 -> 33.99 | M28: =G28/I28*J28 -> 1.6995
A29: Pampoen Tert (lower-sugar) | B29: Baking & sweet treats | C29: 3 tsp baking powder | D29: Costed | E29: baking_powder | F29: =INDEX('Woolworths Products'!$B$2:$B$208,MATCH($E29,'Woolworths Products'!$A$2:$A$208,0)) -> Baking Powder 100 g | G29: 12 | H29: =INDEX('Woolworths Products'!$G$2:$G$208,MATCH($E29,'Woolworths Products'!$A$2:$A$208,0)) -> g | I29: =INDEX('Woolworths Products'!$F$2:$F$208,MATCH($E29,'Woolworths Products'!$A$2:$A$208,0)) -> 100 | J29: =INDEX('Woolworths Products'!$E$2:$E$208,MATCH($E29,'Woolworths Products'!$A$2:$A$208,0)) -> 34.99 | K29: =IF(COUNTIFS($A$2:A29,A29,$E$2:E29,E29)=1,ROUNDUP(SUMIFS($G:$G,$A:$A,A29,$E:$E,E29)/I29,0),0) -> 1 | L29: =K29*J29 -> 34.99 | M29: =G29/I29*J29 -> 4.1988 | N29: 1 tsp = 4 g
A30: Pampoen Tert (lower-sugar) | B30: Baking & sweet treats | C30: 1 tsp salt | D30: Basic - not costed | L30: 0 | M30: 0 | N30: Salt
A31: Pampoen Tert (lower-sugar) | B31: Baking & sweet treats | C31: 1 Tbsp vanilla essence | D31: Costed | E31: vanilla_essence | F31: =INDEX('Woolworths Products'!$B$2:$B$208,MATCH($E31,'Woolworths Products'!$A$2:$A$208,0)) -> Vanilla Essence 50 ml | G31: 15 | H31: =INDEX('Woolworths Products'!$G$2:$G$208,MATCH($E31,'Woolworths Products'!$A$2:$A$208,0)) -> ml | I31: =INDEX('Woolworths Products'!$F$2:$F$208,MATCH($E31,'Woolworths Products'!$A$2:$A$208,0)) -> 50 | J31: =INDEX('Woolworths Products'!$E$2:$E$208,MATCH($E31,'Woolworths Products'!$A$2:$A$208,0)) -> 29.99 | K31: =IF(COUNTIFS($A$2:A31,A31,$E$2:E31,E31)=1,ROUNDUP(SUMIFS($G:$G,$A:$A,A31,$E:$E,E31)/I31,0),0) -> 1 | L31: =K31*J31 -> 29.99 | M31: =G31/I31*J31 -> 8.997
A32: Pampoen Tert (lower-sugar) | B32: Baking & sweet treats | C32: 50 g butter, melted | D32: Costed | E32: butter | F32: =INDEX('Woolworths Products'!$B$2:$B$208,MATCH($E32,'Woolworths Products'!$A$2:$A$208,0)) -> Salted Butter 250 g | G32: 50 | H32: =INDEX('Woolworths Products'!$G$2:$G$208,MATCH($E32,'Woolworths Products'!$A$2:$A$208,0)) -> g | I32: =INDEX('Woolworths Products'!$F$2:$F$208,MATCH($E32,'Woolworths Products'!$A$2:$A$208,0)) -> 250 | J32: =INDEX('Woolworths Products'!$E$2:$E$208,MATCH($E32,'Woolworths Products'!$A$2:$A$208,0)) -> 68.99 | K32: =IF(COUNTIFS($A$2:A32,A32,$E$2:E32,E32)=1,ROUNDUP(SUMIFS($G:$G,$A:$A,A32,$E:$E,E32)/I32,0),0) -> 1 | L32: =K32*J32 -> 68.99 | M32: =G32/I32*J32 -> 13.798
A33: Pampoen Tert (lower-sugar) | B33: Baking & sweet treats | C33: Cinnamon & sugar, to sprinkle | D33: Costed | E33: cinnamon | F33: =INDEX('Woolworths Products'!$B$2:$B$208,MATCH($E33,'Woolworths Products'!$A$2:$A$208,0)) -> Finely Ground Cinnamon Refill 30 g | G33: 3 | H33: =INDEX('Woolworths Products'!$G$2:$G$208,MATCH($E33,'Woolworths Products'!$A$2:$A$208,0)) -> g | I33: =INDEX('Woolworths Products'!$F$2:$F$208,MATCH($E33,'Woolworths Products'!$A$2:$A$208,0)) -> 30 | J33: =INDEX('Woolworths Products'!$E$2:$E$208,MATCH($E33,'Woolworths Products'!$A$2:$A$208,0)) -> 29.99 | K33: =IF(COUNTIFS($A$2:A33,A33,$E$2:E33,E33)=1,ROUNDUP(SUMIFS($G:$G,$A:$A,A33,$E:$E,E33)/I33,0),0) -> 1 | L33: =K33*J33 -> 29.99 | M33: =G33/I33*J33 -> 2.999 | N33: Amount not given - assumed 1 tsp cinnamon + 1 Tbsp sugar
A34: Pampoen Tert (lower-sugar) | B34: Baking & sweet treats | C34: Cinnamon & sugar, to sprinkle (part 2) | D34: Costed | E34: white_sugar | F34: =INDEX('Woolworths Products'!$B$2:$B$208,MATCH($E34,'Woolworths Products'!$A$2:$A$208,0)) -> White Sugar 1 kg | G34: 12 | H34: =INDEX('Woolworths Products'!$G$2:$G$208,MATCH($E34,'Woolworths Products'!$A$2:$A$208,0)) -> g | I34: =INDEX('Woolworths Products'!$F$2:$F$208,MATCH($E34,'Woolworths Products'!$A$2:$A$208,0)) -> 1000 | J34: =INDEX('Woolworths Products'!$E$2:$E$208,MATCH($E34,'Woolworths Products'!$A$2:$A$208,0)) -> 33.99 | K34: =IF(COUNTIFS($A$2:A34,A34,$E$2:E34,E34)=1,ROUNDUP(SUMIFS($G:$G,$A:$A,A34,$E:$E,E34)/I34,0),0) -> 0 | L34: =K34*J34 -> 0 | M34: =G34/I34*J34 -> 0.40788
A35: Sticky Glazed Meatloaf | B35: Mains | C35: 1 kg lean beef mince | D35: Costed | E35: lean_mince | F35: =INDEX('Woolworths Products'!$B$2:$B$208,MATCH($E35,'Woolworths Products'!$A$2:$A$208,0)) -> Halaal Lean Beef Mince 500 g | G35: 1000 | H35: =INDEX('Woolworths Products'!$G$2:$G$208,MATCH($E35,'Woolworths Products'!$A$2:$A$208,0)) -> g | I35: =INDEX('Woolworths Products'!$F$2:$F$208,MATCH($E35,'Woolworths Products'!$A$2:$A$208,0)) -> 500 | J35: =INDEX('Woolworths Products'!$E$2:$E$208,MATCH($E35,'Woolworths Products'!$A$2:$A$208,0)) -> 64.99 | K35: =IF(COUNTIFS($A$2:A35,A35,$E$2:E35,E35)=1,ROUNDUP(SUMIFS($G:$G,$A:$A,A35,$E:$E,E35)/I35,0),0) -> 2 | L35: =K35*J35 -> 129.98 | M35: =G35/I35*J35 -> 129.98
A36: Sticky Glazed Meatloaf | B36: Mains | C36: 1 medium onion, finely chopped | D36: Costed | E36: onions | F36: =INDEX('Woolworths Products'!$B$2:$B$208,MATCH($E36,'Woolworths Products'!$A$2:$A$208,0)) -> Brown Onions 1 kg | G36: 150 | H36: =INDEX('Woolworths Products'!$G$2:$G$208,MATCH($E36,'Woolworths Products'!$A$2:$A$208,0)) -> g | I36: =INDEX('Woolworths Products'!$F$2:$F$208,MATCH($E36,'Woolworths Products'!$A$2:$A$208,0)) -> 1000 | J36: =INDEX('Woolworths Products'!$E$2:$E$208,MATCH($E36,'Woolworths Products'!$A$2:$A$208,0)) -> 39.9 | K36: =IF(COUNTIFS($A$2:A36,A36,$E$2:E36,E36)=1,ROUNDUP(SUMIFS($G:$G,$A:$A,A36,$E:$E,E36)/I36,0),0) -> 1 | L36: =K36*J36 -> 39.9 | M36: =G36/I36*J36 -> 5.985 | N36: 1 onion taken as 150 g
A37: Sticky Glazed Meatloaf | B37: Mains | C37: 2 green apples, grated | D37: Costed | E37: green_apples | F37: =INDEX('Woolworths Products'!$B$2:$B$208,MATCH($E37,'Woolworths Products'!$A$2:$A$208,0)) -> Granny Smith Apples 4 pk | G37: 2 | H37: =INDEX('Woolworths Products'!$G$2:$G$208,MATCH($E37,'Woolworths Products'!$A$2:$A$208,0)) -> ea | I37: =INDEX('Woolworths Products'!$F$2:$F$208,MATCH($E37,'Woolworths Products'!$A$2:$A$208,0)) -> 4 | J37: =INDEX('Woolworths Products'!$E$2:$E$208,MATCH($E37,'Woolworths Products'!$A$2:$A$208,0)) -> 28.99 | K37: =IF(COUNTIFS($A$2:A37,A37,$E$2:E37,E37)=1,ROUNDUP(SUMIFS($G:$G,$A:$A,A37,$E:$E,E37)/I37,0),0) -> 1 | L37: =K37*J37 -> 28.99 | M37: =G37/I37*J37 -> 14.495
A38: Sticky Glazed Meatloaf | B38: Mains | C38: 2 large eggs | D38: Costed | E38: eggs | F38: =INDEX('Woolworths Products'!$B$2:$B$208,MATCH($E38,'Woolworths Products'!$A$2:$A$208,0)) -> Free Range Mixed Sizes Chilled Eggs 6 pk | G38: 2 | H38: =INDEX('Woolworths Products'!$G$2:$G$208,MATCH($E38,'Woolworths Products'!$A$2:$A$208,0)) -> ea | I38: =INDEX('Woolworths Products'!$F$2:$F$208,MATCH($E38,'Woolworths Products'!$A$2:$A$208,0)) -> 6 | J38: =INDEX('Woolworths Products'!$E$2:$E$208,MATCH($E38,'Woolworths Products'!$A$2:$A$208,0)) -> 29.99 | K38: =IF(COUNTIFS($A$2:A38,A38,$E$2:E38,E38)=1,ROUNDUP(SUMIFS($G:$G,$A:$A,A38,$E:$E,E38)/I38,0),0) -> 1 | L38: =K38*J38 -> 29.99 | M38: =G38/I38*J38 -> 9.9966667
A39: Sticky Glazed Meatloaf | B39: Mains | C39: 3 garlic cloves, minced | D39: Costed | E39: garlic | F39: =INDEX('Woolworths Products'!$B$2:$B$208,MATCH($E39,'Woolworths Products'!$A$2:$A$208,0)) -> Fresh Peeled Garlic 50 g | G39: 3 | H39: =INDEX('Woolworths Products'!$G$2:$G$208,MATCH($E39,'Woolworths Products'!$A$2:$A$208,0)) -> clove | I39: =INDEX('Woolworths Products'!$F$2:$F$208,MATCH($E39,'Woolworths Products'!$A$2:$A$208,0)) -> 10 | J39: =INDEX('Woolworths Products'!$E$2:$E$208,MATCH($E39,'Woolworths Products'!$A$2:$A$208,0)) -> 29.99 | K39: =IF(COUNTIFS($A$2:A39,A39,$E$2:E39,E39)=1,ROUNDUP(SUMIFS($G:$G,$A:$A,A39,$E:$E,E39)/I39,0),0) -> 1 | L39: =K39*J39 -> 29.99 | M39: =G39/I39*J39 -> 8.997 | N39: ~10 cloves per 50 g
A40: Sticky Glazed Meatloaf | B40: Mains | C40: 2 Tbsp tomato sauce | D40: Costed | E40: tomato_sauce | F40: =INDEX('Woolworths Products'!$B$2:$B$208,MATCH($E40,'Woolworths Products'!$A$2:$A$208,0)) -> All Gold Original Tomato Sauce 500 ml | G40: 30 | H40: =INDEX('Woolworths Products'!$G$2:$G$208,MATCH($E40,'Woolworths Products'!$A$2:$A$208,0)) -> ml | I40: =INDEX('Woolworths Products'!$F$2:$F$208,MATCH($E40,'Woolworths Products'!$A$2:$A$208,0)) -> 500 | J40: =INDEX('Woolworths Products'!$E$2:$E$208,MATCH($E40,'Woolworths Products'!$A$2:$A$208,0)) -> 37.99 | K40: =IF(COUNTIFS($A$2:A40,A40,$E$2:E40,E40)=1,ROUNDUP(SUMIFS($G:$G,$A:$A,A40,$E:$E,E40)/I40,0),0) -> 1 | L40: =K40*J40 -> 37.99 | M40: =G40/I40*J40 -> 2.2794
A41: Sticky Glazed Meatloaf | B41: Mains | C41: 3 Tbsp fresh parsley (or 1 Tbsp dried Italian herbs) | D41: Costed | E41: parsley | F41: =INDEX('Woolworths Products'!$B$2:$B$208,MATCH($E41,'Woolworths Products'!$A$2:$A$208,0)) -> Fresh Parsley 30 g | G41: 0.5 | H41: =INDEX('Woolworths Products'!$G$2:$G$208,MATCH($E41,'Woolworths Products'!$A$2:$A$208,0)) -> punnet | I41: =INDEX('Woolworths Products'!$F$2:$F$208,MATCH($E41,'Woolworths Products'!$A$2:$A$208,0)) -> 1 | J41: =INDEX('Woolworths Products'!$E$2:$E$208,MATCH($E41,'Woolworths Products'!$A$2:$A$208,0)) -> 15.99 | K41: =IF(COUNTIFS($A$2:A41,A41,$E$2:E41,E41)=1,ROUNDUP(SUMIFS($G:$G,$A:$A,A41,$E:$E,E41)/I41,0),0) -> 1 | L41: =K41*J41 -> 15.99 | M41: =G41/I41*J41 -> 7.995 | N41: ~half a punnet
A42: Sticky Glazed Meatloaf | B42: Mains | C42: ¾ cup breadcrumbs | D42: Costed | E42: breadcrumbs | F42: =INDEX('Woolworths Products'!$B$2:$B$208,MATCH($E42,'Woolworths Products'!$A$2:$A$208,0)) -> Toasted Ciabatta Breadcrumbs 180 g | G42: 80 | H42: =INDEX('Woolworths Products'!$G$2:$G$208,MATCH($E42,'Woolworths Products'!$A$2:$A$208,0)) -> g | I42: =INDEX('Woolworths Products'!$F$2:$F$208,MATCH($E42,'Woolworths Products'!$A$2:$A$208,0)) -> 180 | J42: =INDEX('Woolworths Products'!$E$2:$E$208,MATCH($E42,'Woolworths Products'!$A$2:$A$208,0)) -> 45 | K42: =IF(COUNTIFS($A$2:A42,A42,$E$2:E42,E42)=1,ROUNDUP(SUMIFS($G:$G,$A:$A,A42,$E:$E,E42)/I42,0),0) -> 1 | L42: =K42*J42 -> 45 | M42: =G42/I42*J42 -> 20 | N42: 3/4 cup = ~80 g
A43: Sticky Glazed Meatloaf | B43: Mains | C43: ⅔ cup milk | D43: Costed | E43: milk | F43: =INDEX('Woolworths Products'!$B$2:$B$208,MATCH($E43,'Woolworths Products'!$A$2:$A$208,0)) -> Long Life Full Cream Milk 1 L | G43: 167 | H43: =INDEX('Woolworths Products'!$G$2:$G$208,MATCH($E43,'Woolworths Products'!$A$2:$A$208,0)) -> ml | I43: =INDEX('Woolworths Products'!$F$2:$F$208,MATCH($E43,'Woolworths Products'!$A$2:$A$208,0)) -> 1000 | J43: =INDEX('Woolworths Products'!$E$2:$E$208,MATCH($E43,'Woolworths Products'!$A$2:$A$208,0)) -> 22.99 | K43: =IF(COUNTIFS($A$2:A43,A43,$E$2:E43,E43)=1,ROUNDUP(SUMIFS($G:$G,$A:$A,A43,$E:$E,E43)/I43,0),0) -> 1 | L43: =K43*J43 -> 22.99 | M43: =G43/I43*J43 -> 3.83933
A44: Sticky Glazed Meatloaf | B44: Mains | C44: 1 tsp salt | D44: Basic - not costed | L44: 0 | M44: 0 | N44: Salt
A45: Sticky Glazed Meatloaf | B45: Mains | C45: 1 tsp Italian seasoning | D45: Costed | E45: italian_herbs | F45: =INDEX('Woolworths Products'!$B$2:$B$208,MATCH($E45,'Woolworths Products'!$A$2:$A$208,0)) -> Italian Herbs Refill 10 g | G45: 1 | H45: =INDEX('Woolworths Products'!$G$2:$G$208,MATCH($E45,'Woolworths Products'!$A$2:$A$208,0)) -> g | I45: =INDEX('Woolworths Products'!$F$2:$F$208,MATCH($E45,'Woolworths Products'!$A$2:$A$208,0)) -> 10 | J45: =INDEX('Woolworths Products'!$E$2:$E$208,MATCH($E45,'Woolworths Products'!$A$2:$A$208,0)) -> 25.99 | K45: =IF(COUNTIFS($A$2:A45,A45,$E$2:E45,E45)=1,ROUNDUP(SUMIFS($G:$G,$A:$A,A45,$E:$E,E45)/I45,0),0) -> 1 | L45: =K45*J45 -> 25.99 | M45: =G45/I45*J45 -> 2.599 | N45: 1 tsp dried herbs = ~1 g
A46: Sticky Glazed Meatloaf | B46: Mains | C46: ½ tsp ground black pepper | D46: Basic - not costed | L46: 0 | M46: 0 | N46: Black pepper
A47: Sticky Glazed Meatloaf | B47: Mains | C47: Glaze: ⅓ cup tomato sauce | D47: Costed | E47: tomato_sauce | F47: =INDEX('Woolworths Products'!$B$2:$B$208,MATCH($E47,'Woolworths Products'!$A$2:$A$208,0)) -> All Gold Original Tomato Sauce 500 ml | G47: 83 | H47: =INDEX('Woolworths Products'!$G$2:$G$208,MATCH($E47,'Woolworths Products'!$A$2:$A$208,0)) -> ml | I47: =INDEX('Woolworths Products'!$F$2:$F$208,MATCH($E47,'Woolworths Products'!$A$2:$A$208,0)) -> 500 | J47: =INDEX('Woolworths Products'!$E$2:$E$208,MATCH($E47,'Woolworths Products'!$A$2:$A$208,0)) -> 37.99 | K47: =IF(COUNTIFS($A$2:A47,A47,$E$2:E47,E47)=1,ROUNDUP(SUMIFS($G:$G,$A:$A,A47,$E:$E,E47)/I47,0),0) -> 0 | L47: =K47*J47 -> 0 | M47: =G47/I47*J47 -> 6.30634
A48: Sticky Glazed Meatloaf | B48: Mains | C48: Glaze: ⅓ cup HP sauce | D48: Substitute | E48: steak_sauce | F48: =INDEX('Woolworths Products'!$B$2:$B$208,MATCH($E48,'Woolworths Products'!$A$2:$A$208,0)) -> Luxury Steak Sauce 200 ml | G48: 83 | H48: =INDEX('Woolworths Products'!$G$2:$G$208,MATCH($E48,'Woolworths Products'!$A$2:$A$208,0)) -> ml | I48: =INDEX('Woolworths Products'!$F$2:$F$208,MATCH($E48,'Woolworths Products'!$A$2:$A$208,0)) -> 200 | J48: =INDEX('Woolworths Products'!$E$2:$E$208,MATCH($E48,'Woolworths Products'!$A$2:$A$208,0)) -> 48.99 | K48: =IF(COUNTIFS($A$2:A48,A48,$E$2:E48,E48)=1,ROUNDUP(SUMIFS($G:$G,$A:$A,A48,$E:$E,E48)/I48,0),0) -> 1 | L48: =K48*J48 -> 48.99 | M48: =G48/I48*J48 -> 20.33085 | N48: SUBSTITUTE: HP Sauce not sold at Woolworths
A49: Sticky Glazed Meatloaf | B49: Mains | C49: Glaze: 2 Tbsp vinegar | D49: Costed | E49: white_vinegar | F49: =INDEX('Woolworths Products'!$B$2:$B$208,MATCH($E49,'Woolworths Products'!$A$2:$A$208,0)) -> White Spirit Vinegar 750 ml | G49: 30 | H49: =INDEX('Woolworths Products'!$G$2:$G$208,MATCH($E49,'Woolworths Products'!$A$2:$A$208,0)) -> ml | I49: =INDEX('Woolworths Products'!$F$2:$F$208,MATCH($E49,'Woolworths Products'!$A$2:$A$208,0)) -> 750 | J49: =INDEX('Woolworths Products'!$E$2:$E$208,MATCH($E49,'Woolworths Products'!$A$2:$A$208,0)) -> 25.99 | K49: =IF(COUNTIFS($A$2:A49,A49,$E$2:E49,E49)=1,ROUNDUP(SUMIFS($G:$G,$A:$A,A49,$E:$E,E49)/I49,0),0) -> 1 | L49: =K49*J49 -> 25.99 | M49: =G49/I49*J49 -> 1.0396
A50: Fancy Fish Paste | B50: Snacks | C50: 1 tin sardines, drained | D50: Costed | E50: sardines | F50: =INDEX('Woolworths Products'!$B$2:$B$208,MATCH($E50,'Woolworths Products'!$A$2:$A$208,0)) -> Sardines in Vegetable Oil 120 g | G50: 1 | H50: =INDEX('Woolworths Products'!$G$2:$G$208,MATCH($E50,'Woolworths Products'!$A$2:$A$208,0)) -> ea | I50: =INDEX('Woolworths Products'!$F$2:$F$208,MATCH($E50,'Woolworths Products'!$A$2:$A$208,0)) -> 1 | J50: =INDEX('Woolworths Products'!$E$2:$E$208,MATCH($E50,'Woolworths Products'!$A$2:$A$208,0)) -> 33.99 | K50: =IF(COUNTIFS($A$2:A50,A50,$E$2:E50,E50)=1,ROUNDUP(SUMIFS($G:$G,$A:$A,A50,$E:$E,E50)/I50,0),0) -> 1 | L50: =K50*J50 -> 33.99 | M50: =G50/I50*J50 -> 33.99
A51: Fancy Fish Paste | B51: Snacks | C51: ½ red onion, chopped | D51: Costed | E51: red_onions | F51: =INDEX('Woolworths Products'!$B$2:$B$208,MATCH($E51,'Woolworths Products'!$A$2:$A$208,0)) -> Red Onions 1 kg | G51: 75 | H51: =INDEX('Woolworths Products'!$G$2:$G$208,MATCH($E51,'Woolworths Products'!$A$2:$A$208,0)) -> g | I51: =INDEX('Woolworths Products'!$F$2:$F$208,MATCH($E51,'Woolworths Products'!$A$2:$A$208,0)) -> 1000 | J51: =INDEX('Woolworths Products'!$E$2:$E$208,MATCH($E51,'Woolworths Products'!$A$2:$A$208,0)) -> 73.99 | K51: =IF(COUNTIFS($A$2:A51,A51,$E$2:E51,E51)=1,ROUNDUP(SUMIFS($G:$G,$A:$A,A51,$E:$E,E51)/I51,0),0) -> 1 | L51: =K51*J51 -> 73.99 | M51: =G51/I51*J51 -> 5.54925 | N51: 1 red onion taken as 150 g
A52: Fancy Fish Paste | B52: Snacks | C52: Lemon juice | D52: Costed | E52: lemons | F52: =INDEX('Woolworths Products'!$B$2:$B$208,MATCH($E52,'Woolworths Products'!$A$2:$A$208,0)) -> Lemons 3 pk | G52: 0.5 | H52: =INDEX('Woolworths Products'!$G$2:$G$208,MATCH($E52,'Woolworths Products'!$A$2:$A$208,0)) -> ea | I52: =INDEX('Woolworths Products'!$F$2:$F$208,MATCH($E52,'Woolworths Products'!$A$2:$A$208,0)) -> 3 | J52: =INDEX('Woolworths Products'!$E$2:$E$208,MATCH($E52,'Woolworths Products'!$A$2:$A$208,0)) -> 27.99 | K52: =IF(COUNTIFS($A$2:A52,A52,$E$2:E52,E52)=1,ROUNDUP(SUMIFS($G:$G,$A:$A,A52,$E:$E,E52)/I52,0),0) -> 1 | L52: =K52*J52 -> 27.99 | M52: =G52/I52*J52 -> 4.665 | N52: Amount not given - assumed half a lemon
A53: Fancy Fish Paste | B53: Snacks | C53: Fresh coriander | D53: Costed | E53: coriander | F53: =INDEX('Woolworths Products'!$B$2:$B$208,MATCH($E53,'Woolworths Products'!$A$2:$A$208,0)) -> Fresh Coriander 30 g | G53: 0.25 | H53: =INDEX('Woolworths Products'!$G$2:$G$208,MATCH($E53,'Woolworths Products'!$A$2:$A$208,0)) -> punnet | I53: =INDEX('Woolworths Products'!$F$2:$F$208,MATCH($E53,'Woolworths Products'!$A$2:$A$208,0)) -> 1 | J53: =INDEX('Woolworths Products'!$E$2:$E$208,MATCH($E53,'Woolworths Products'!$A$2:$A$208,0)) -> 15.99 | K53: =IF(COUNTIFS($A$2:A53,A53,$E$2:E53,E53)=1,ROUNDUP(SUMIFS($G:$G,$A:$A,A53,$E:$E,E53)/I53,0),0) -> 1 | L53: =K53*J53 -> 15.99 | M53: =G53/I53*J53 -> 3.9975 | N53: Amount not given - assumed a few sprigs
A54: Fancy Fish Paste | B54: Snacks | C54: Toast, to serve | D54: Costed | E54: bread | F54: =INDEX('Woolworths Products'!$B$2:$B$208,MATCH($E54,'Woolworths Products'!$A$2:$A$208,0)) -> High Fibre Wholewheat Brown Bread 700 g | G54: 4 | H54: =INDEX('Woolworths Products'!$G$2:$G$208,MATCH($E54,'Woolworths Products'!$A$2:$A$208,0)) -> slice | I54: =INDEX('Woolworths Products'!$F$2:$F$208,MATCH($E54,'Woolworths Products'!$A$2:$A$208,0)) -> 20 | J54: =INDEX('Woolworths Products'!$E$2:$E$208,MATCH($E54,'Woolworths Products'!$A$2:$A$208,0)) -> 27.99 | K54: =IF(COUNTIFS($A$2:A54,A54,$E$2:E54,E54)=1,ROUNDUP(SUMIFS($G:$G,$A:$A,A54,$E:$E,E54)/I54,0),0) -> 1 | L54: =K54*J54 -> 27.99 | M54: =G54/I54*J54 -> 5.598 | N54: Amount not given - assumed 4 slices
A55: Fancy Fish Paste | B55: Snacks | C55: Black pepper | D55: Basic - not costed | L55: 0 | M55: 0 | N55: Black pepper
A56: Fancy Fish Paste | B56: Snacks | C56: Chilli oil (optional) | D56: Costed | E56: chilli_oil | F56: =INDEX('Woolworths Products'!$B$2:$B$208,MATCH($E56,'Woolworths Products'!$A$2:$A$208,0)) -> Chilli Crunch 120 g | G56: 5 | H56: =INDEX('Woolworths Products'!$G$2:$G$208,MATCH($E56,'Woolworths Products'!$A$2:$A$208,0)) -> g | I56: =INDEX('Woolworths Products'!$F$2:$F$208,MATCH($E56,'Woolworths Products'!$A$2:$A$208,0)) -> 120 | J56: =INDEX('Woolworths Products'!$E$2:$E$208,MATCH($E56,'Woolworths Products'!$A$2:$A$208,0)) -> 81.99 | K56: =IF(COUNTIFS($A$2:A56,A56,$E$2:E56,E56)=1,ROUNDUP(SUMIFS($G:$G,$A:$A,A56,$E:$E,E56)/I56,0),0) -> 1 | L56: =K56*J56 -> 81.99 | M56: =G56/I56*J56 -> 3.41625 | N56: Amount not given - assumed 1 tsp (optional)
A57: Easy Yoghurt Dressing | B57: Sauces & dressings | C57: ½ cup yoghurt | D57: Costed | E57: plain_yoghurt | F57: =INDEX('Woolworths Products'!$B$2:$B$208,MATCH($E57,'Woolworths Products'!$A$2:$A$208,0)) -> Ayrshire Full Cream Plain Yoghurt 500 g | G57: 125 | H57: =INDEX('Woolworths Products'!$G$2:$G$208,MATCH($E57,'Woolworths Products'!$A$2:$A$208,0)) -> g | I57: =INDEX('Woolworths Products'!$F$2:$F$208,MATCH($E57,'Woolworths Products'!$A$2:$A$208,0)) -> 500 | J57: =INDEX('Woolworths Products'!$E$2:$E$208,MATCH($E57,'Woolworths Products'!$A$2:$A$208,0)) -> 39.99 | K57: =IF(COUNTIFS($A$2:A57,A57,$E$2:E57,E57)=1,ROUNDUP(SUMIFS($G:$G,$A:$A,A57,$E:$E,E57)/I57,0),0) -> 1 | L57: =K57*J57 -> 39.99 | M57: =G57/I57*J57 -> 9.9975
A58: Easy Yoghurt Dressing | B58: Sauces & dressings | C58: Juice + zest of 1 lemon | D58: Costed | E58: lemons | F58: =INDEX('Woolworths Products'!$B$2:$B$208,MATCH($E58,'Woolworths Products'!$A$2:$A$208,0)) -> Lemons 3 pk | G58: 1 | H58: =INDEX('Woolworths Products'!$G$2:$G$208,MATCH($E58,'Woolworths Products'!$A$2:$A$208,0)) -> ea | I58: =INDEX('Woolworths Products'!$F$2:$F$208,MATCH($E58,'Woolworths Products'!$A$2:$A$208,0)) -> 3 | J58: =INDEX('Woolworths Products'!$E$2:$E$208,MATCH($E58,'Woolworths Products'!$A$2:$A$208,0)) -> 27.99 | K58: =IF(COUNTIFS($A$2:A58,A58,$E$2:E58,E58)=1,ROUNDUP(SUMIFS($G:$G,$A:$A,A58,$E:$E,E58)/I58,0),0) -> 1 | L58: =K58*J58 -> 27.99 | M58: =G58/I58*J58 -> 9.33
A59: Easy Yoghurt Dressing | B59: Sauces & dressings | C59: 1 Tbsp mayonnaise | D59: Costed | E59: mayonnaise | F59: =INDEX('Woolworths Products'!$B$2:$B$208,MATCH($E59,'Woolworths Products'!$A$2:$A$208,0)) -> Crosse and Blackwell Tangy Mayonnaise 750 g | G59: 15 | H59: =INDEX('Woolworths Products'!$G$2:$G$208,MATCH($E59,'Woolworths Products'!$A$2:$A$208,0)) -> g | I59: =INDEX('Woolworths Products'!$F$2:$F$208,MATCH($E59,'Woolworths Products'!$A$2:$A$208,0)) -> 750 | J59: =INDEX('Woolworths Products'!$E$2:$E$208,MATCH($E59,'Woolworths Products'!$A$2:$A$208,0)) -> 49.99 | K59: =IF(COUNTIFS($A$2:A59,A59,$E$2:E59,E59)=1,ROUNDUP(SUMIFS($G:$G,$A:$A,A59,$E:$E,E59)/I59,0),0) -> 1 | L59: =K59*J59 -> 49.99 | M59: =G59/I59*J59 -> 0.9998
A60: Easy Yoghurt Dressing | B60: Sauces & dressings | C60: Salt & pepper | D60: Basic - not costed | L60: 0 | M60: 0 | N60: Salt & pepper
A61: Easy Yoghurt Dressing | B61: Sauces & dressings | C61: Fresh chives, chopped | D61: Costed | E61: chives | F61: =INDEX('Woolworths Products'!$B$2:$B$208,MATCH($E61,'Woolworths Products'!$A$2:$A$208,0)) -> Fresh Chives 20 g | G61: 0.5 | H61: =INDEX('Woolworths Products'!$G$2:$G$208,MATCH($E61,'Woolworths Products'!$A$2:$A$208,0)) -> punnet | I61: =INDEX('Woolworths Products'!$F$2:$F$208,MATCH($E61,'Woolworths Products'!$A$2:$A$208,0)) -> 1 | J61: =INDEX('Woolworths Products'!$E$2:$E$208,MATCH($E61,'Woolworths Products'!$A$2:$A$208,0)) -> 15.99 | K61: =IF(COUNTIFS($A$2:A61,A61,$E$2:E61,E61)=1,ROUNDUP(SUMIFS($G:$G,$A:$A,A61,$E:$E,E61)/I61,0),0) -> 1 | L61: =K61*J61 -> 15.99 | M61: =G61/I61*J61 -> 7.995 | N61: Amount not given - assumed half a punnet
A62: Easy Yoghurt Dressing | B62: Sauces & dressings | C62: 2 garlic cloves, crushed | D62: Costed | E62: garlic | F62: =INDEX('Woolworths Products'!$B$2:$B$208,MATCH($E62,'Woolworths Products'!$A$2:$A$208,0)) -> Fresh Peeled Garlic 50 g | G62: 2 | H62: =INDEX('Woolworths Products'!$G$2:$G$208,MATCH($E62,'Woolworths Products'!$A$2:$A$208,0)) -> clove | I62: =INDEX('Woolworths Products'!$F$2:$F$208,MATCH($E62,'Woolworths Products'!$A$2:$A$208,0)) -> 10 | J62: =INDEX('Woolworths Products'!$E$2:$E$208,MATCH($E62,'Woolworths Products'!$A$2:$A$208,0)) -> 29.99 | K62: =IF(COUNTIFS($A$2:A62,A62,$E$2:E62,E62)=1,ROUNDUP(SUMIFS($G:$G,$A:$A,A62,$E:$E,E62)/I62,0),0) -> 1 | L62: =K62*J62 -> 29.99 | M62: =G62/I62*J62 -> 5.998 | N62: ~10 cloves per 50 g
A63: Hoisin Pork Fillet (with noodles) | B63: Mains | C63: 4 Tbsp hoisin sauce (+ extra to serve) | D63: Costed | E63: hoisin | F63: =INDEX('Woolworths Products'!$B$2:$B$208,MATCH($E63,'Woolworths Products'!$A$2:$A$208,0)) -> Asian Hoisin Sauce 150 ml | G63: 75 | H63: =INDEX('Woolworths Products'!$G$2:$G$208,MATCH($E63,'Woolworths Products'!$A$2:$A$208,0)) -> ml | I63: =INDEX('Woolworths Products'!$F$2:$F$208,MATCH($E63,'Woolworths Products'!$A$2:$A$208,0)) -> 150 | J63: =INDEX('Woolworths Products'!$E$2:$E$208,MATCH($E63,'Woolworths Products'!$A$2:$A$208,0)) -> 51.99 | K63: =IF(COUNTIFS($A$2:A63,A63,$E$2:E63,E63)=1,ROUNDUP(SUMIFS($G:$G,$A:$A,A63,$E:$E,E63)/I63,0),0) -> 1 | L63: =K63*J63 -> 51.99 | M63: =G63/I63*J63 -> 25.995 | N63: 4 Tbsp + extra to serve
A64: Hoisin Pork Fillet (with noodles) | B64: Mains | C64: 1 pork fillet, trimmed | D64: Costed | E64: pork_fillet | F64: =INDEX('Woolworths Products'!$B$2:$B$208,MATCH($E64,'Woolworths Products'!$A$2:$A$208,0)) -> Pork Fillet Avg 400 g | G64: 1 | H64: =INDEX('Woolworths Products'!$G$2:$G$208,MATCH($E64,'Woolworths Products'!$A$2:$A$208,0)) -> ea | I64: =INDEX('Woolworths Products'!$F$2:$F$208,MATCH($E64,'Woolworths Products'!$A$2:$A$208,0)) -> 1 | J64: =INDEX('Woolworths Products'!$E$2:$E$208,MATCH($E64,'Woolworths Products'!$A$2:$A$208,0)) -> 65 | K64: =IF(COUNTIFS($A$2:A64,A64,$E$2:E64,E64)=1,ROUNDUP(SUMIFS($G:$G,$A:$A,A64,$E:$E,E64)/I64,0),0) -> 1 | L64: =K64*J64 -> 65 | M64: =G64/I64*J64 -> 65 | N64: Priced by weight
A65: Hoisin Pork Fillet (with noodles) | B65: Mains | C65: 3 whole-wheat egg noodle nests | D65: Costed | E65: egg_noodles | F65: =INDEX('Woolworths Products'!$B$2:$B$208,MATCH($E65,'Woolworths Products'!$A$2:$A$208,0)) -> Asian Medium Wholewheat Noodles 340 g | G65: 3 | H65: =INDEX('Woolworths Products'!$G$2:$G$208,MATCH($E65,'Woolworths Products'!$A$2:$A$208,0)) -> nest | I65: =INDEX('Woolworths Products'!$F$2:$F$208,MATCH($E65,'Woolworths Products'!$A$2:$A$208,0)) -> 6 | J65: =INDEX('Woolworths Products'!$E$2:$E$208,MATCH($E65,'Woolworths Products'!$A$2:$A$208,0)) -> 59.99 | K65: =IF(COUNTIFS($A$2:A65,A65,$E$2:E65,E65)=1,ROUNDUP(SUMIFS($G:$G,$A:$A,A65,$E:$E,E65)/I65,0),0) -> 1 | L65: =K65*J65 -> 59.99 | M65: =G65/I65*J65 -> 29.995 | N65: ~6 nests per 340 g
A66: Hoisin Pork Fillet (with noodles) | B66: Mains | C66: 1 Tbsp sesame oil | D66: Costed | E66: sesame_oil | F66: =INDEX('Woolworths Products'!$B$2:$B$208,MATCH($E66,'Woolworths Products'!$A$2:$A$208,0)) -> Organic Sesame Oil 250 ml | G66: 15 | H66: =INDEX('Woolworths Products'!$G$2:$G$208,MATCH($E66,'Woolworths Products'!$A$2:$A$208,0)) -> ml | I66: =INDEX('Woolworths Products'!$F$2:$F$208,MATCH($E66,'Woolworths Products'!$A$2:$A$208,0)) -> 250 | J66: =INDEX('Woolworths Products'!$E$2:$E$208,MATCH($E66,'Woolworths Products'!$A$2:$A$208,0)) -> 130 | K66: =IF(COUNTIFS($A$2:A66,A66,$E$2:E66,E66)=1,ROUNDUP(SUMIFS($G:$G,$A:$A,A66,$E:$E,E66)/I66,0),0) -> 1 | L66: =K66*J66 -> 130 | M66: =G66/I66*J66 -> 7.8
A67: Hoisin Pork Fillet (with noodles) | B67: Mains | C67: 1 Tbsp grated ginger | D67: Costed | E67: ginger | F67: =INDEX('Woolworths Products'!$B$2:$B$208,MATCH($E67,'Woolworths Products'!$A$2:$A$208,0)) -> Fresh Crushed Ginger 50 g | G67: 15 | H67: =INDEX('Woolworths Products'!$G$2:$G$208,MATCH($E67,'Woolworths Products'!$A$2:$A$208,0)) -> g | I67: =INDEX('Woolworths Products'!$F$2:$F$208,MATCH($E67,'Woolworths Products'!$A$2:$A$208,0)) -> 50 | J67: =INDEX('Woolworths Products'!$E$2:$E$208,MATCH($E67,'Woolworths Products'!$A$2:$A$208,0)) -> 32.99 | K67: =IF(COUNTIFS($A$2:A67,A67,$E$2:E67,E67)=1,ROUNDUP(SUMIFS($G:$G,$A:$A,A67,$E:$E,E67)/I67,0),0) -> 1 | L67: =K67*J67 -> 32.99 | M67: =G67/I67*J67 -> 9.897
A68: Hoisin Pork Fillet (with noodles) | B68: Mains | C68: 2 garlic cloves, crushed | D68: Costed | E68: garlic | F68: =INDEX('Woolworths Products'!$B$2:$B$208,MATCH($E68,'Woolworths Products'!$A$2:$A$208,0)) -> Fresh Peeled Garlic 50 g | G68: 2 | H68: =INDEX('Woolworths Products'!$G$2:$G$208,MATCH($E68,'Woolworths Products'!$A$2:$A$208,0)) -> clove | I68: =INDEX('Woolworths Products'!$F$2:$F$208,MATCH($E68,'Woolworths Products'!$A$2:$A$208,0)) -> 10 | J68: =INDEX('Woolworths Products'!$E$2:$E$208,MATCH($E68,'Woolworths Products'!$A$2:$A$208,0)) -> 29.99 | K68: =IF(COUNTIFS($A$2:A68,A68,$E$2:E68,E68)=1,ROUNDUP(SUMIFS($G:$G,$A:$A,A68,$E:$E,E68)/I68,0),0) -> 1 | L68: =K68*J68 -> 29.99 | M68: =G68/I68*J68 -> 5.998 | N68: ~10 cloves per 50 g
A69: Hoisin Pork Fillet (with noodles) | B69: Mains | C69: 200 g baby spinach | D69: Costed | E69: baby_spinach | F69: =INDEX('Woolworths Products'!$B$2:$B$208,MATCH($E69,'Woolworths Products'!$A$2:$A$208,0)) -> Baby Spinach 200 g | G69: 200 | H69: =INDEX('Woolworths Products'!$G$2:$G$208,MATCH($E69,'Woolworths Products'!$A$2:$A$208,0)) -> g | I69: =INDEX('Woolworths Products'!$F$2:$F$208,MATCH($E69,'Woolworths Products'!$A$2:$A$208,0)) -> 200 | J69: =INDEX('Woolworths Products'!$E$2:$E$208,MATCH($E69,'Woolworths Products'!$A$2:$A$208,0)) -> 35.99 | K69: =IF(COUNTIFS($A$2:A69,A69,$E$2:E69,E69)=1,ROUNDUP(SUMIFS($G:$G,$A:$A,A69,$E:$E,E69)/I69,0),0) -> 1 | L69: =K69*J69 -> 35.99 | M69: =G69/I69*J69 -> 35.99
A70: Hoisin Pork Fillet (with noodles) | B70: Mains | C70: 1 bunch spring onions, sliced | D70: Costed | E70: spring_onions | F70: =INDEX('Woolworths Products'!$B$2:$B$208,MATCH($E70,'Woolworths Products'!$A$2:$A$208,0)) -> Spring Onions 100 g | G70: 1 | H70: =INDEX('Woolworths Products'!$G$2:$G$208,MATCH($E70,'Woolworths Products'!$A$2:$A$208,0)) -> bunch | I70: =INDEX('Woolworths Products'!$F$2:$F$208,MATCH($E70,'Woolworths Products'!$A$2:$A$208,0)) -> 1 | J70: =INDEX('Woolworths Products'!$E$2:$E$208,MATCH($E70,'Woolworths Products'!$A$2:$A$208,0)) -> 24.99 | K70: =IF(COUNTIFS($A$2:A70,A70,$E$2:E70,E70)=1,ROUNDUP(SUMIFS($G:$G,$A:$A,A70,$E:$E,E70)/I70,0),0) -> 1 | L70: =K70*J70 -> 24.99 | M70: =G70/I70*J70 -> 24.99
A71: Hoisin Pork Fillet (with noodles) | B71: Mains | C71: 110 g podded edamame beans | D71: Costed | E71: edamame | F71: =INDEX('Woolworths Products'!$B$2:$B$208,MATCH($E71,'Woolworths Products'!$A$2:$A$208,0)) -> Shelled Edamame Legumes 110 g | G71: 110 | H71: =INDEX('Woolworths Products'!$G$2:$G$208,MATCH($E71,'Woolworths Products'!$A$2:$A$208,0)) -> g | I71: =INDEX('Woolworths Products'!$F$2:$F$208,MATCH($E71,'Woolworths Products'!$A$2:$A$208,0)) -> 110 | J71: =INDEX('Woolworths Products'!$E$2:$E$208,MATCH($E71,'Woolworths Products'!$A$2:$A$208,0)) -> 54.99 | K71: =IF(COUNTIFS($A$2:A71,A71,$E$2:E71,E71)=1,ROUNDUP(SUMIFS($G:$G,$A:$A,A71,$E:$E,E71)/I71,0),0) -> 1 | L71: =K71*J71 -> 54.99 | M71: =G71/I71*J71 -> 54.99
A72: Hoisin Pork Fillet (with noodles) | B72: Mains | C72: 1 Tbsp sesame seeds, toasted (+1 tsp to garnish) | D72: Costed | E72: sesame_seeds | F72: =INDEX('Woolworths Products'!$B$2:$B$208,MATCH($E72,'Woolworths Products'!$A$2:$A$208,0)) -> White Sesame Seeds 250 g | G72: 12 | H72: =INDEX('Woolworths Products'!$G$2:$G$208,MATCH($E72,'Woolworths Products'!$A$2:$A$208,0)) -> g | I72: =INDEX('Woolworths Products'!$F$2:$F$208,MATCH($E72,'Woolworths Products'!$A$2:$A$208,0)) -> 250 | J72: =INDEX('Woolworths Products'!$E$2:$E$208,MATCH($E72,'Woolworths Products'!$A$2:$A$208,0)) -> 64.99 | K72: =IF(COUNTIFS($A$2:A72,A72,$E$2:E72,E72)=1,ROUNDUP(SUMIFS($G:$G,$A:$A,A72,$E:$E,E72)/I72,0),0) -> 1 | L72: =K72*J72 -> 64.99 | M72: =G72/I72*J72 -> 3.11952
A73: Hoisin Pork Fillet (with noodles) | B73: Mains | C73: 1 avocado, cubed | D73: Costed | E73: avocado | F73: =INDEX('Woolworths Products'!$B$2:$B$208,MATCH($E73,'Woolworths Products'!$A$2:$A$208,0)) -> Ripen at Home Loose Avocado | G73: 1 | H73: =INDEX('Woolworths Products'!$G$2:$G$208,MATCH($E73,'Woolworths Products'!$A$2:$A$208,0)) -> ea | I73: =INDEX('Woolworths Products'!$F$2:$F$208,MATCH($E73,'Woolworths Products'!$A$2:$A$208,0)) -> 1 | J73: =INDEX('Woolworths Products'!$E$2:$E$208,MATCH($E73,'Woolworths Products'!$A$2:$A$208,0)) -> 19.99 | K73: =IF(COUNTIFS($A$2:A73,A73,$E$2:E73,E73)=1,ROUNDUP(SUMIFS($G:$G,$A:$A,A73,$E:$E,E73)/I73,0),0) -> 1 | L73: =K73*J73 -> 19.99 | M73: =G73/I73*J73 -> 19.99
A74: Hoisin Pork Fillet (with noodles) | B74: Mains | C74: Lemon juice (for the avo) | D74: Costed | E74: lemons | F74: =INDEX('Woolworths Products'!$B$2:$B$208,MATCH($E74,'Woolworths Products'!$A$2:$A$208,0)) -> Lemons 3 pk | G74: 0.25 | H74: =INDEX('Woolworths Products'!$G$2:$G$208,MATCH($E74,'Woolworths Products'!$A$2:$A$208,0)) -> ea | I74: =INDEX('Woolworths Products'!$F$2:$F$208,MATCH($E74,'Woolworths Products'!$A$2:$A$208,0)) -> 3 | J74: =INDEX('Woolworths Products'!$E$2:$E$208,MATCH($E74,'Woolworths Products'!$A$2:$A$208,0)) -> 27.99 | K74: =IF(COUNTIFS($A$2:A74,A74,$E$2:E74,E74)=1,ROUNDUP(SUMIFS($G:$G,$A:$A,A74,$E:$E,E74)/I74,0),0) -> 1 | L74: =K74*J74 -> 27.99 | M74: =G74/I74*J74 -> 2.3325 | N74: Amount not given - assumed a squeeze
A75: Hoisin Pork Fillet (with noodles) | B75: Mains | C75: 2 tsp low-salt soy sauce | D75: Costed | E75: soy_sauce | F75: =INDEX('Woolworths Products'!$B$2:$B$208,MATCH($E75,'Woolworths Products'!$A$2:$A$208,0)) -> Kikkoman Less Salt Soy Sauce 150 ml | G75: 10 | H75: =INDEX('Woolworths Products'!$G$2:$G$208,MATCH($E75,'Woolworths Products'!$A$2:$A$208,0)) -> ml | I75: =INDEX('Woolworths Products'!$F$2:$F$208,MATCH($E75,'Woolworths Products'!$A$2:$A$208,0)) -> 150 | J75: =INDEX('Woolworths Products'!$E$2:$E$208,MATCH($E75,'Woolworths Products'!$A$2:$A$208,0)) -> 114.99 | K75: =IF(COUNTIFS($A$2:A75,A75,$E$2:E75,E75)=1,ROUNDUP(SUMIFS($G:$G,$A:$A,A75,$E:$E,E75)/I75,0),0) -> 1 | L75: =K75*J75 -> 114.99 | M75: =G75/I75*J75 -> 7.666
A76: Hoisin Pork Fillet (with noodles) | B76: Mains | C76: 1 Tbsp rice vinegar | D76: Costed | E76: rice_vinegar | F76: =INDEX('Woolworths Products'!$B$2:$B$208,MATCH($E76,'Woolworths Products'!$A$2:$A$208,0)) -> Asian Rice Vinegar 200 ml | G76: 15 | H76: =INDEX('Woolworths Products'!$G$2:$G$208,MATCH($E76,'Woolworths Products'!$A$2:$A$208,0)) -> ml | I76: =INDEX('Woolworths Products'!$F$2:$F$208,MATCH($E76,'Woolworths Products'!$A$2:$A$208,0)) -> 200 | J76: =INDEX('Woolworths Products'!$E$2:$E$208,MATCH($E76,'Woolworths Products'!$A$2:$A$208,0)) -> 82.99 | K76: =IF(COUNTIFS($A$2:A76,A76,$E$2:E76,E76)=1,ROUNDUP(SUMIFS($G:$G,$A:$A,A76,$E:$E,E76)/I76,0),0) -> 1 | L76: =K76*J76 -> 82.99 | M76: =G76/I76*J76 -> 6.22425
A77: Crispy Chickpeas | B77: Snacks | C77: 1 tin chickpeas | D77: Costed | E77: chickpeas_tin | F77: =INDEX('Woolworths Products'!$B$2:$B$208,MATCH($E77,'Woolworths Products'!$A$2:$A$208,0)) -> Chickpeas in Brine 400 g | G77: 1 | H77: =INDEX('Woolworths Products'!$G$2:$G$208,MATCH($E77,'Woolworths Products'!$A$2:$A$208,0)) -> ea | I77: =INDEX('Woolworths Products'!$F$2:$F$208,MATCH($E77,'Woolworths Products'!$A$2:$A$208,0)) -> 1 | J77: =INDEX('Woolworths Products'!$E$2:$E$208,MATCH($E77,'Woolworths Products'!$A$2:$A$208,0)) -> 28.99 | K77: =IF(COUNTIFS($A$2:A77,A77,$E$2:E77,E77)=1,ROUNDUP(SUMIFS($G:$G,$A:$A,A77,$E:$E,E77)/I77,0),0) -> 1 | L77: =K77*J77 -> 28.99 | M77: =G77/I77*J77 -> 28.99
A78: Crispy Chickpeas | B78: Snacks | C78: Lemon-flavoured olive oil | D78: Costed | E78: lemon_olive_oil | F78: =INDEX('Woolworths Products'!$B$2:$B$208,MATCH($E78,'Woolworths Products'!$A$2:$A$208,0)) -> Willow Creek Lemon Flavoured Olive Oil 250 ml | G78: 15 | H78: =INDEX('Woolworths Products'!$G$2:$G$208,MATCH($E78,'Woolworths Products'!$A$2:$A$208,0)) -> ml | I78: =INDEX('Woolworths Products'!$F$2:$F$208,MATCH($E78,'Woolworths Products'!$A$2:$A$208,0)) -> 250 | J78: =INDEX('Woolworths Products'!$E$2:$E$208,MATCH($E78,'Woolworths Products'!$A$2:$A$208,0)) -> 99.99 | K78: =IF(COUNTIFS($A$2:A78,A78,$E$2:E78,E78)=1,ROUNDUP(SUMIFS($G:$G,$A:$A,A78,$E:$E,E78)/I78,0),0) -> 1 | L78: =K78*J78 -> 99.99 | M78: =G78/I78*J78 -> 5.9994 | N78: Amount not given - assumed 1 Tbsp
A79: Crispy Chickpeas | B79: Snacks | C79: Lemon (juice) | D79: Costed | E79: lemons | F79: =INDEX('Woolworths Products'!$B$2:$B$208,MATCH($E79,'Woolworths Products'!$A$2:$A$208,0)) -> Lemons 3 pk | G79: 0.5 | H79: =INDEX('Woolworths Products'!$G$2:$G$208,MATCH($E79,'Woolworths Products'!$A$2:$A$208,0)) -> ea | I79: =INDEX('Woolworths Products'!$F$2:$F$208,MATCH($E79,'Woolworths Products'!$A$2:$A$208,0)) -> 3 | J79: =INDEX('Woolworths Products'!$E$2:$E$208,MATCH($E79,'Woolworths Products'!$A$2:$A$208,0)) -> 27.99 | K79: =IF(COUNTIFS($A$2:A79,A79,$E$2:E79,E79)=1,ROUNDUP(SUMIFS($G:$G,$A:$A,A79,$E:$E,E79)/I79,0),0) -> 1 | L79: =K79*J79 -> 27.99 | M79: =G79/I79*J79 -> 4.665 | N79: Amount not given - assumed half a lemon
A80: Crispy Chickpeas | B80: Snacks | C80: Fresh rosemary | D80: Costed | E80: rosemary | F80: =INDEX('Woolworths Products'!$B$2:$B$208,MATCH($E80,'Woolworths Products'!$A$2:$A$208,0)) -> Fresh Rosemary 20 g | G80: 0.25 | H80: =INDEX('Woolworths Products'!$G$2:$G$208,MATCH($E80,'Woolworths Products'!$A$2:$A$208,0)) -> punnet | I80: =INDEX('Woolworths Products'!$F$2:$F$208,MATCH($E80,'Woolworths Products'!$A$2:$A$208,0)) -> 1 | J80: =INDEX('Woolworths Products'!$E$2:$E$208,MATCH($E80,'Woolworths Products'!$A$2:$A$208,0)) -> 15.99 | K80: =IF(COUNTIFS($A$2:A80,A80,$E$2:E80,E80)=1,ROUNDUP(SUMIFS($G:$G,$A:$A,A80,$E:$E,E80)/I80,0),0) -> 1 | L80: =K80*J80 -> 15.99 | M80: =G80/I80*J80 -> 3.9975 | N80: Amount not given - assumed a sprig or two
A81: Crispy Chickpeas | B81: Snacks | C81: Garlic | D81: Costed | E81: garlic | F81: =INDEX('Woolworths Products'!$B$2:$B$208,MATCH($E81,'Woolworths Products'!$A$2:$A$208,0)) -> Fresh Peeled Garlic 50 g | G81: 2 | H81: =INDEX('Woolworths Products'!$G$2:$G$208,MATCH($E81,'Woolworths Products'!$A$2:$A$208,0)) -> clove | I81: =INDEX('Woolworths Products'!$F$2:$F$208,MATCH($E81,'Woolworths Products'!$A$2:$A$208,0)) -> 10 | J81: =INDEX('Woolworths Products'!$E$2:$E$208,MATCH($E81,'Woolworths Products'!$A$2:$A$208,0)) -> 29.99 | K81: =IF(COUNTIFS($A$2:A81,A81,$E$2:E81,E81)=1,ROUNDUP(SUMIFS($G:$G,$A:$A,A81,$E:$E,E81)/I81,0),0) -> 1 | L81: =K81*J81 -> 29.99 | M81: =G81/I81*J81 -> 5.998 | N81: Amount not given - assumed 2 cloves
A82: Crispy Chickpeas | B82: Snacks | C82: Salt | D82: Basic - not costed | L82: 0 | M82: 0 | N82: Salt
A83: Homemade Hot Choccie | B83: Drinks | C83: 1 cup full-cream or low-fat milk | D83: Costed | E83: milk | F83: =INDEX('Woolworths Products'!$B$2:$B$208,MATCH($E83,'Woolworths Products'!$A$2:$A$208,0)) -> Long Life Full Cream Milk 1 L | G83: 250 | H83: =INDEX('Woolworths Products'!$G$2:$G$208,MATCH($E83,'Woolworths Products'!$A$2:$A$208,0)) -> ml | I83: =INDEX('Woolworths Products'!$F$2:$F$208,MATCH($E83,'Woolworths Products'!$A$2:$A$208,0)) -> 1000 | J83: =INDEX('Woolworths Products'!$E$2:$E$208,MATCH($E83,'Woolworths Products'!$A$2:$A$208,0)) -> 22.99 | K83: =IF(COUNTIFS($A$2:A83,A83,$E$2:E83,E83)=1,ROUNDUP(SUMIFS($G:$G,$A:$A,A83,$E:$E,E83)/I83,0),0) -> 1 | L83: =K83*J83 -> 22.99 | M83: =G83/I83*J83 -> 5.7475
A84: Homemade Hot Choccie | B84: Drinks | C84: 1 Tbsp cocoa powder | D84: Costed | E84: cocoa | F84: =INDEX('Woolworths Products'!$B$2:$B$208,MATCH($E84,'Woolworths Products'!$A$2:$A$208,0)) -> Unsweetened Cocoa Powder 150 g | G84: 7 | H84: =INDEX('Woolworths Products'!$G$2:$G$208,MATCH($E84,'Woolworths Products'!$A$2:$A$208,0)) -> g | I84: =INDEX('Woolworths Products'!$F$2:$F$208,MATCH($E84,'Woolworths Products'!$A$2:$A$208,0)) -> 150 | J84: =INDEX('Woolworths Products'!$E$2:$E$208,MATCH($E84,'Woolworths Products'!$A$2:$A$208,0)) -> 84.99 | K84: =IF(COUNTIFS($A$2:A84,A84,$E$2:E84,E84)=1,ROUNDUP(SUMIFS($G:$G,$A:$A,A84,$E:$E,E84)/I84,0),0) -> 1 | L84: =K84*J84 -> 84.99 | M84: =G84/I84*J84 -> 3.9662 | N84: 1 Tbsp cocoa = ~7 g
A85: Homemade Hot Choccie | B85: Drinks | C85: 1 tsp sugar | D85: Costed | E85: white_sugar | F85: =INDEX('Woolworths Products'!$B$2:$B$208,MATCH($E85,'Woolworths Products'!$A$2:$A$208,0)) -> White Sugar 1 kg | G85: 4 | H85: =INDEX('Woolworths Products'!$G$2:$G$208,MATCH($E85,'Woolworths Products'!$A$2:$A$208,0)) -> g | I85: =INDEX('Woolworths Products'!$F$2:$F$208,MATCH($E85,'Woolworths Products'!$A$2:$A$208,0)) -> 1000 | J85: =INDEX('Woolworths Products'!$E$2:$E$208,MATCH($E85,'Woolworths Products'!$A$2:$A$208,0)) -> 33.99 | K85: =IF(COUNTIFS($A$2:A85,A85,$E$2:E85,E85)=1,ROUNDUP(SUMIFS($G:$G,$A:$A,A85,$E:$E,E85)/I85,0),0) -> 1 | L85: =K85*J85 -> 33.99 | M85: =G85/I85*J85 -> 0.13596
A86: Cottage Pie with Crispy Potato & Parmesan Crust | B86: Mains | C86: 500 g lean mince | D86: Costed | E86: lean_mince | F86: =INDEX('Woolworths Products'!$B$2:$B$208,MATCH($E86,'Woolworths Products'!$A$2:$A$208,0)) -> Halaal Lean Beef Mince 500 g | G86: 500 | H86: =INDEX('Woolworths Products'!$G$2:$G$208,MATCH($E86,'Woolworths Products'!$A$2:$A$208,0)) -> g | I86: =INDEX('Woolworths Products'!$F$2:$F$208,MATCH($E86,'Woolworths Products'!$A$2:$A$208,0)) -> 500 | J86: =INDEX('Woolworths Products'!$E$2:$E$208,MATCH($E86,'Woolworths Products'!$A$2:$A$208,0)) -> 64.99 | K86: =IF(COUNTIFS($A$2:A86,A86,$E$2:E86,E86)=1,ROUNDUP(SUMIFS($G:$G,$A:$A,A86,$E:$E,E86)/I86,0),0) -> 1 | L86: =K86*J86 -> 64.99 | M86: =G86/I86*J86 -> 64.99
A87: Cottage Pie with Crispy Potato & Parmesan Crust | B87: Mains | C87: 1 medium onion, chopped | D87: Costed | E87: onions | F87: =INDEX('Woolworths Products'!$B$2:$B$208,MATCH($E87,'Woolworths Products'!$A$2:$A$208,0)) -> Brown Onions 1 kg | G87: 150 | H87: =INDEX('Woolworths Products'!$G$2:$G$208,MATCH($E87,'Woolworths Products'!$A$2:$A$208,0)) -> g | I87: =INDEX('Woolworths Products'!$F$2:$F$208,MATCH($E87,'Woolworths Products'!$A$2:$A$208,0)) -> 1000 | J87: =INDEX('Woolworths Products'!$E$2:$E$208,MATCH($E87,'Woolworths Products'!$A$2:$A$208,0)) -> 39.9 | K87: =IF(COUNTIFS($A$2:A87,A87,$E$2:E87,E87)=1,ROUNDUP(SUMIFS($G:$G,$A:$A,A87,$E:$E,E87)/I87,0),0) -> 1 | L87: =K87*J87 -> 39.9 | M87: =G87/I87*J87 -> 5.985 | N87: 1 onion taken as 150 g
A88: Cottage Pie with Crispy Potato & Parmesan Crust | B88: Mains | C88: 2–3 garlic cloves, crushed | D88: Costed | E88: garlic | F88: =INDEX('Woolworths Products'!$B$2:$B$208,MATCH($E88,'Woolworths Products'!$A$2:$A$208,0)) -> Fresh Peeled Garlic 50 g | G88: 2.5 | H88: =INDEX('Woolworths Products'!$G$2:$G$208,MATCH($E88,'Woolworths Products'!$A$2:$A$208,0)) -> clove | I88: =INDEX('Woolworths Products'!$F$2:$F$208,MATCH($E88,'Woolworths Products'!$A$2:$A$208,0)) -> 10 | J88: =INDEX('Woolworths Products'!$E$2:$E$208,MATCH($E88,'Woolworths Products'!$A$2:$A$208,0)) -> 29.99 | K88: =IF(COUNTIFS($A$2:A88,A88,$E$2:E88,E88)=1,ROUNDUP(SUMIFS($G:$G,$A:$A,A88,$E:$E,E88)/I88,0),0) -> 1 | L88: =K88*J88 -> 29.99 | M88: =G88/I88*J88 -> 7.4975 | N88: ~10 cloves per 50 g
A89: Cottage Pie with Crispy Potato & Parmesan Crust | B89: Mains | C89: 2 medium carrots, grated | D89: Costed | E89: carrots | F89: =INDEX('Woolworths Products'!$B$2:$B$208,MATCH($E89,'Woolworths Products'!$A$2:$A$208,0)) -> Medium Carrots 500 g | G89: 160 | H89: =INDEX('Woolworths Products'!$G$2:$G$208,MATCH($E89,'Woolworths Products'!$A$2:$A$208,0)) -> g | I89: =INDEX('Woolworths Products'!$F$2:$F$208,MATCH($E89,'Woolworths Products'!$A$2:$A$208,0)) -> 500 | J89: =INDEX('Woolworths Products'!$E$2:$E$208,MATCH($E89,'Woolworths Products'!$A$2:$A$208,0)) -> 14.99 | K89: =IF(COUNTIFS($A$2:A89,A89,$E$2:E89,E89)=1,ROUNDUP(SUMIFS($G:$G,$A:$A,A89,$E:$E,E89)/I89,0),0) -> 1 | L89: =K89*J89 -> 14.99 | M89: =G89/I89*J89 -> 4.7968
A90: Cottage Pie with Crispy Potato & Parmesan Crust | B90: Mains | C90: 2 large mushrooms, grated | D90: Costed | E90: portabello | F90: =INDEX('Woolworths Products'!$B$2:$B$208,MATCH($E90,'Woolworths Products'!$A$2:$A$208,0)) -> Portabello Mushrooms 4 pk | G90: 2 | H90: =INDEX('Woolworths Products'!$G$2:$G$208,MATCH($E90,'Woolworths Products'!$A$2:$A$208,0)) -> ea | I90: =INDEX('Woolworths Products'!$F$2:$F$208,MATCH($E90,'Woolworths Products'!$A$2:$A$208,0)) -> 4 | J90: =INDEX('Woolworths Products'!$E$2:$E$208,MATCH($E90,'Woolworths Products'!$A$2:$A$208,0)) -> 61.99 | K90: =IF(COUNTIFS($A$2:A90,A90,$E$2:E90,E90)=1,ROUNDUP(SUMIFS($G:$G,$A:$A,A90,$E:$E,E90)/I90,0),0) -> 1 | L90: =K90*J90 -> 61.99 | M90: =G90/I90*J90 -> 30.995
A91: Cottage Pie with Crispy Potato & Parmesan Crust | B91: Mains | C91: 4–5 baby marrows, grated | D91: Costed | E91: baby_marrows | F91: =INDEX('Woolworths Products'!$B$2:$B$208,MATCH($E91,'Woolworths Products'!$A$2:$A$208,0)) -> Baby Marrows 350 g | G91: 315 | H91: =INDEX('Woolworths Products'!$G$2:$G$208,MATCH($E91,'Woolworths Products'!$A$2:$A$208,0)) -> g | I91: =INDEX('Woolworths Products'!$F$2:$F$208,MATCH($E91,'Woolworths Products'!$A$2:$A$208,0)) -> 350 | J91: =INDEX('Woolworths Products'!$E$2:$E$208,MATCH($E91,'Woolworths Products'!$A$2:$A$208,0)) -> 32.99 | K91: =IF(COUNTIFS($A$2:A91,A91,$E$2:E91,E91)=1,ROUNDUP(SUMIFS($G:$G,$A:$A,A91,$E:$E,E91)/I91,0),0) -> 1 | L91: =K91*J91 -> 32.99 | M91: =G91/I91*J91 -> 29.691 | N91: 4-5 baby marrows at ~70 g each
A92: Cottage Pie with Crispy Potato & Parmesan Crust | B92: Mains | C92: 2 tomatoes, diced | D92: Costed | E92: tomatoes | F92: =INDEX('Woolworths Products'!$B$2:$B$208,MATCH($E92,'Woolworths Products'!$A$2:$A$208,0)) -> Slicing Tomatoes 4 pk | G92: 2 | H92: =INDEX('Woolworths Products'!$G$2:$G$208,MATCH($E92,'Woolworths Products'!$A$2:$A$208,0)) -> ea | I92: =INDEX('Woolworths Products'!$F$2:$F$208,MATCH($E92,'Woolworths Products'!$A$2:$A$208,0)) -> 4 | J92: =INDEX('Woolworths Products'!$E$2:$E$208,MATCH($E92,'Woolworths Products'!$A$2:$A$208,0)) -> 26.99 | K92: =IF(COUNTIFS($A$2:A92,A92,$E$2:E92,E92)=1,ROUNDUP(SUMIFS($G:$G,$A:$A,A92,$E:$E,E92)/I92,0),0) -> 1 | L92: =K92*J92 -> 26.99 | M92: =G92/I92*J92 -> 13.495
A93: Cottage Pie with Crispy Potato & Parmesan Crust | B93: Mains | C93: 1 tin tomato & onion mix | D93: Costed | E93: tomato_onion_mix | F93: =INDEX('Woolworths Products'!$B$2:$B$208,MATCH($E93,'Woolworths Products'!$A$2:$A$208,0)) -> Tomato and Onion Mix 410 g | G93: 1 | H93: =INDEX('Woolworths Products'!$G$2:$G$208,MATCH($E93,'Woolworths Products'!$A$2:$A$208,0)) -> ea | I93: =INDEX('Woolworths Products'!$F$2:$F$208,MATCH($E93,'Woolworths Products'!$A$2:$A$208,0)) -> 1 | J93: =INDEX('Woolworths Products'!$E$2:$E$208,MATCH($E93,'Woolworths Products'!$A$2:$A$208,0)) -> 26.99 | K93: =IF(COUNTIFS($A$2:A93,A93,$E$2:E93,E93)=1,ROUNDUP(SUMIFS($G:$G,$A:$A,A93,$E:$E,E93)/I93,0),0) -> 1 | L93: =K93*J93 -> 26.99 | M93: =G93/I93*J93 -> 26.99
A94: Cottage Pie with Crispy Potato & Parmesan Crust | B94: Mains | C94: 2 sachets tomato paste | D94: Costed | E94: tomato_paste | F94: =INDEX('Woolworths Products'!$B$2:$B$208,MATCH($E94,'Woolworths Products'!$A$2:$A$208,0)) -> Tomato Paste 70 g | G94: 100 | H94: =INDEX('Woolworths Products'!$G$2:$G$208,MATCH($E94,'Woolworths Products'!$A$2:$A$208,0)) -> g | I94: =INDEX('Woolworths Products'!$F$2:$F$208,MATCH($E94,'Woolworths Products'!$A$2:$A$208,0)) -> 70 | J94: =INDEX('Woolworths Products'!$E$2:$E$208,MATCH($E94,'Woolworths Products'!$A$2:$A$208,0)) -> 17.99 | K94: =IF(COUNTIFS($A$2:A94,A94,$E$2:E94,E94)=1,ROUNDUP(SUMIFS($G:$G,$A:$A,A94,$E:$E,E94)/I94,0),0) -> 2 | L94: =K94*J94 -> 35.98 | M94: =G94/I94*J94 -> 25.7 | N94: 1 sachet taken as 50 g
A95: Cottage Pie with Crispy Potato & Parmesan Crust | B95: Mains | C95: Fresh basil/thyme | D95: Costed | E95: basil | F95: =INDEX('Woolworths Products'!$B$2:$B$208,MATCH($E95,'Woolworths Products'!$A$2:$A$208,0)) -> Fresh Basil 30 g | G95: 0.5 | H95: =INDEX('Woolworths Products'!$G$2:$G$208,MATCH($E95,'Woolworths Products'!$A$2:$A$208,0)) -> punnet | I95: =INDEX('Woolworths Products'!$F$2:$F$208,MATCH($E95,'Woolworths Products'!$A$2:$A$208,0)) -> 1 | J95: =INDEX('Woolworths Products'!$E$2:$E$208,MATCH($E95,'Woolworths Products'!$A$2:$A$208,0)) -> 15.99 | K95: =IF(COUNTIFS($A$2:A95,A95,$E$2:E95,E95)=1,ROUNDUP(SUMIFS($G:$G,$A:$A,A95,$E:$E,E95)/I95,0),0) -> 1 | L95: =K95*J95 -> 15.99 | M95: =G95/I95*J95 -> 7.995 | N95: Amount not given - assumed half a punnet
A96: Cottage Pie with Crispy Potato & Parmesan Crust | B96: Mains | C96: 1 tsp sugar | D96: Costed | E96: white_sugar | F96: =INDEX('Woolworths Products'!$B$2:$B$208,MATCH($E96,'Woolworths Products'!$A$2:$A$208,0)) -> White Sugar 1 kg | G96: 4 | H96: =INDEX('Woolworths Products'!$G$2:$G$208,MATCH($E96,'Woolworths Products'!$A$2:$A$208,0)) -> g | I96: =INDEX('Woolworths Products'!$F$2:$F$208,MATCH($E96,'Woolworths Products'!$A$2:$A$208,0)) -> 1000 | J96: =INDEX('Woolworths Products'!$E$2:$E$208,MATCH($E96,'Woolworths Products'!$A$2:$A$208,0)) -> 33.99 | K96: =IF(COUNTIFS($A$2:A96,A96,$E$2:E96,E96)=1,ROUNDUP(SUMIFS($G:$G,$A:$A,A96,$E:$E,E96)/I96,0),0) -> 1 | L96: =K96*J96 -> 33.99 | M96: =G96/I96*J96 -> 0.13596
A97: Cottage Pie with Crispy Potato & Parmesan Crust | B97: Mains | C97: ½ tsp salt | D97: Basic - not costed | L97: 0 | M97: 0 | N97: Salt
A98: Cottage Pie with Crispy Potato & Parmesan Crust | B98: Mains | C98: Pre-cooked potatoes, sliced | D98: Costed | E98: potatoes | F98: =INDEX('Woolworths Products'!$B$2:$B$208,MATCH($E98,'Woolworths Products'!$A$2:$A$208,0)) -> Large Potatoes 2 kg | G98: 800 | H98: =INDEX('Woolworths Products'!$G$2:$G$208,MATCH($E98,'Woolworths Products'!$A$2:$A$208,0)) -> g | I98: =INDEX('Woolworths Products'!$F$2:$F$208,MATCH($E98,'Woolworths Products'!$A$2:$A$208,0)) -> 2000 | J98: =INDEX('Woolworths Products'!$E$2:$E$208,MATCH($E98,'Woolworths Products'!$A$2:$A$208,0)) -> 48.99 | K98: =IF(COUNTIFS($A$2:A98,A98,$E$2:E98,E98)=1,ROUNDUP(SUMIFS($G:$G,$A:$A,A98,$E:$E,E98)/I98,0),0) -> 1 | L98: =K98*J98 -> 48.99 | M98: =G98/I98*J98 -> 19.596 | N98: Amount not given - assumed 4 potatoes
A99: Cottage Pie with Crispy Potato & Parmesan Crust | B99: Mains | C99: Parmesan, grated | D99: Costed | E99: parmesan | F99: =INDEX('Woolworths Products'!$B$2:$B$208,MATCH($E99,'Woolworths Products'!$A$2:$A$208,0)) -> South African Grated Medium Fat Hard Cheese 60 g | G99: 20 | H99: =INDEX('Woolworths Products'!$G$2:$G$208,MATCH($E99,'Woolworths Products'!$A$2:$A$208,0)) -> g | I99: =INDEX('Woolworths Products'!$F$2:$F$208,MATCH($E99,'Woolworths Products'!$A$2:$A$208,0)) -> 60 | J99: =INDEX('Woolworths Products'!$E$2:$E$208,MATCH($E99,'Woolworths Products'!$A$2:$A$208,0)) -> 49.99 | K99: =IF(COUNTIFS($A$2:A99,A99,$E$2:E99,E99)=1,ROUNDUP(SUMIFS($G:$G,$A:$A,A99,$E:$E,E99)/I99,0),0) -> 1 | L99: =K99*J99 -> 49.99 | M99: =G99/I99*J99 -> 16.663333 | N99: Amount not given - assumed 20 g
A100: Cottage Pie with Crispy Potato & Parmesan Crust | B100: Mains | C100: Fresh thyme | D100: Costed | E100: thyme | F100: =INDEX('Woolworths Products'!$B$2:$B$208,MATCH($E100,'Woolworths Products'!$A$2:$A$208,0)) -> Fresh Thyme 20 g | G100: 0.25 | H100: =INDEX('Woolworths Products'!$G$2:$G$208,MATCH($E100,'Woolworths Products'!$A$2:$A$208,0)) -> punnet | I100: =INDEX('Woolworths Products'!$F$2:$F$208,MATCH($E100,'Woolworths Products'!$A$2:$A$208,0)) -> 1 | J100: =INDEX('Woolworths Products'!$E$2:$E$208,MATCH($E100,'Woolworths Products'!$A$2:$A$208,0)) -> 15.99 | K100: =IF(COUNTIFS($A$2:A100,A100,$E$2:E100,E100)=1,ROUNDUP(SUMIFS($G:$G,$A:$A,A100,$E:$E,E100)/I100,0),0) -> 1 | L100: =K100*J100 -> 15.99 | M100: =G100/I100*J100 -> 3.9975 | N100: Amount not given - assumed a few sprigs
...

Sheet Woolworths Products
A1: Key | B1: Woolworths product | C1: Today's price (R) | D1: Regular price (R) | E1: Price used (R) | F1: Pack size | G1: Unit | H1: Price per unit (R) | I1: On promotion? | J1: Note | K1: Link
A2: choc_chips | B2: 27 % Cocoa Milk Chocolate Drops 200 g | C2: 119.99 | D2: 119.99 | E2: =IF('Notes & Assumptions'!$C$4="Regular",D2,C2) -> 119.99 | F2: 200 | G2: g | H2: =E2/F2 -> 0.59995 | I2: =IF(C2<D2,"Yes","") | K2: Open
A3: tomato_sauce | B3: All Gold Original Tomato Sauce 500 ml | C3: 37.99 | D3: 37.99 | E3: =IF('Notes & Assumptions'!$C$4="Regular",D3,C3) -> 37.99 | F3: 500 | G3: ml | H3: =E3/F3 -> 0.07598 | I3: =IF(C3<D3,"Yes","") | K3: Open
A4: artichokes | B4: Artichokes 350 g | C4: 59.99 | D4: 59.99 | E4: =IF('Notes & Assumptions'!$C$4="Regular",D4,C4) -> 59.99 | F4: 1 | G4: ea | H4: =E4/F4 -> 59.99 | I4: =IF(C4<D4,"Yes","") | J4: Closest match; check it is the tinned/brined type | K4: Open
A5: hoisin | B5: Asian Hoisin Sauce 150 ml | C5: 51.99 | D5: 51.99 | E5: =IF('Notes & Assumptions'!$C$4="Regular",D5,C5) -> 51.99 | F5: 150 | G5: ml | H5: =E5/F5 -> 0.3466 | I5: =IF(C5<D5,"Yes","") | K5: Open
A6: egg_noodles | B6: Asian Medium Wholewheat Noodles 340 g | C6: 59.99 | D6: 59.99 | E6: =IF('Notes & Assumptions'!$C$4="Regular",D6,C6) -> 59.99 | F6: 6 | G6: nest | H6: =E6/F6 -> 9.9983333 | I6: =IF(C6<D6,"Yes","") | J6: ~6 nests per 340 g | K6: Open
A7: rice_vinegar | B7: Asian Rice Vinegar 200 ml | C7: 82.99 | D7: 82.99 | E7: =IF('Notes & Assumptions'!$C$4="Regular",D7,C7) -> 82.99 | F7: 200 | G7: ml | H7: =E7/F7 -> 0.41495 | I7: =IF(C7<D7,"Yes","") | K7: Open
A8: pickled_ginger | B8: Asian Sliced Ginger 120 g | C8: 64.99 | D8: 64.99 | E8: =IF('Notes & Assumptions'!$C$4="Regular",D8,C8) -> 64.99 | F8: 120 | G8: g | H8: =E8/F8 -> 0.54158333 | I8: =IF(C8<D8,"Yes","") | K8: Open
A9: avocado_oil | B9: Avocado Oil 250 ml | C9: 86.99 | D9: 86.99 | E9: =IF('Notes & Assumptions'!$C$4="Regular",D9,C9) -> 86.99 | F9: 250 | G9: ml | H9: =E9/F9 -> 0.34796 | I9: =IF(C9<D9,"Yes","") | K9: Open
A10: buttermilk | B10: Ayrshire Cultured Low Fat Buttermilk 500 ml | C10: 18.99 | D10: 18.99 | E10: =IF('Notes & Assumptions'!$C$4="Regular",D10,C10) -> 18.99 | F10: 500 | G10: ml | H10: =E10/F10 -> 0.03798 | I10: =IF(C10<D10,"Yes","") | K10: Open
A11: plain_yoghurt | B11: Ayrshire Full Cream Plain Yoghurt 500 g | C11: 39.99 | D11: 39.99 | E11: =IF('Notes & Assumptions'!$C$4="Regular",D11,C11) -> 39.99 | F11: 500 | G11: g | H11: =E11/F11 -> 0.07998 | I11: =IF(C11<D11,"Yes","") | K11: Open
A12: baby_marrows | B12: Baby Marrows 350 g | C12: 32.99 | D12: 32.99 | E12: =IF('Notes & Assumptions'!$C$4="Regular",D12,C12) -> 32.99 | F12: 350 | G12: g | H12: =E12/F12 -> 0.094257143 | I12: =IF(C12<D12,"Yes","") | K12: Open
A13: baby_spinach | B13: Baby Spinach 200 g | C13: 35.99 | D13: 35.99 | E13: =IF('Notes & Assumptions'!$C$4="Regular",D13,C13) -> 35.99 | F13: 200 | G13: g | H13: =E13/F13 -> 0.17995 | I13: =IF(C13<D13,"Yes","") | K13: Open
A14: cream_crackers | B14: Bakers Cream Crackers 200 g | C14: 32.99 | D14: 32.99 | E14: =IF('Notes & Assumptions'!$C$4="Regular",D14,C14) -> 32.99 | F14: 24 | G14: ea | H14: =E14/F14 -> 1.3745833 | I14: =IF(C14<D14,"Yes","") | J14: ~24 crackers per 200 g | K14: Open
A15: baking_powder | B15: Baking Powder 100 g | C15: 34.99 | D15: 34.99 | E15: =IF('Notes & Assumptions'!$C$4="Regular",D15,C15) -> 34.99 | F15: 100 | G15: g | H15: =E15/F15 -> 0.3499 | I15: =IF(C15<D15,"Yes","") | K15: Open
A16: pesto | B16: Basil Pesto 140 g | C16: 69.99 | D16: 69.99 | E16: =IF('Notes & Assumptions'!$C$4="Regular",D16,C16) -> 69.99 | F16: 140 | G16: g | H16: =E16/F16 -> 0.49992857 | I16: =IF(C16<D16,"Yes","") | K16: Open
A17: beef_shin | B17: Beef Shin Avg 600 g | C17: 107.99 | D17: 107.99 | E17: =IF('Notes & Assumptions'!$C$4="Regular",D17,C17) -> 107.99 | F17: 600 | G17: g | H17: =E17/F17 -> 0.17998333 | I17: =IF(C17<D17,"Yes","") | J17: Priced by weight; 1 shin taken as 300 g | K17: Open
A18: beef_stock_powder | B18: Beef Stock Powder 150 g | C18: 60.99 | D18: 60.99 | E18: =IF('Notes & Assumptions'!$C$4="Regular",D18,C18) -> 60.99 | F18: 150 | G18: g | H18: =E18/F18 -> 0.4066 | I18: =IF(C18<D18,"Yes","") | J18: No stock cubes listed; 1 cube taken as 10 g powder | K18: Open
A19: beetroot | B19: Beetroot Min 500 g | C19: 26.99 | D19: 26.99 | E19: =IF('Notes & Assumptions'!$C$4="Regular",D19,C19) -> 26.99 | F19: 500 | G19: g | H19: =E19/F19 -> 0.05398 | I19: =IF(C19<D19,"Yes","") | K19: Open
A20: bicarb | B20: Bicarbonate Of Soda 200 g | C20: 33.99 | D20: 33.99 | E20: =IF('Notes & Assumptions'!$C$4="Regular",D20,C20) -> 33.99 | F20: 200 | G20: g | H20: =E20/F20 -> 0.16995 | I20: =IF(C20<D20,"Yes","") | K20: Open
A21: bovril | B21: Bovril Meat And Vegetable Extract Spread 125 g | C21: 42.99 | D21: 42.99 | E21: =IF('Notes & Assumptions'!$C$4="Regular",D21,C21) -> 42.99 | F21: 125 | G21: g | H21: =E21/F21 -> 0.34392 | I21: =IF(C21<D21,"Yes","") | K21: Open
A22: mixed_seeds | B22: Breakfast Seed Mix 250 g | C22: 59.99 | D22: 59.99 | E22: =IF('Notes & Assumptions'!$C$4="Regular",D22,C22) -> 59.99 | F22: 250 | G22: g | H22: =E22/F22 -> 0.23996 | I22: =IF(C22<D22,"Yes","") | K22: Open
A23: brinjals | B23: Brinjals 1 kg | C23: 51.99 | D23: 51.99 | E23: =IF('Notes & Assumptions'!$C$4="Regular",D23,C23) -> 51.99 | F23: 1000 | G23: g | H23: =E23/F23 -> 0.05199 | I23: =IF(C23<D23,"Yes","") | K23: Open
A24: brown_onion_thickener | B24: Brown Onion Flavoured Thickener 40 g | C24: 23.99 | D24: 23.99 | E24: =IF('Notes & Assumptions'!$C$4="Regular",D24,C24) -> 23.99 | F24: 1 | G24: ea | H24: =E24/F24 -> 23.99 | I24: =IF(C24<D24,"Yes","") | J24: SUBSTITUTE: Knorr brown onion soup not sold | K24: Open
A25: onions | B25: Brown Onions 1 kg | C25: 39.9 | D25: 39.9 | E25: =IF('Notes & Assumptions'!$C$4="Regular",D25,C25) -> 39.9 | F25: 1000 | G25: g | H25: =E25/F25 -> 0.0399 | I25: =IF(C25<D25,"Yes","") | J25: 1 onion taken as 150 g | K25: Open
A26: brussels | B26: Brussels Sprouts 300 g | C26: 49.99 | D26: 49.99 | E26: =IF('Notes & Assumptions'!$C$4="Regular",D26,C26) -> 49.99 | F26: 1 | G26: ea | H26: =E26/F26 -> 49.99 | I26: =IF(C26<D26,"Yes","") | K26: Open
A27: bulgur | B27: Bulgur Wheat 500 g | C27: 44.99 | D27: 44.99 | E27: =IF('Notes & Assumptions'!$C$4="Regular",D27,C27) -> 44.99 | F27: 500 | G27: g | H27: =E27/F27 -> 0.08998 | I27: =IF(C27<D27,"Yes","") | K27: Open
A28: pumpkin | B28: Bulk Pumpkin 800 g | C28: 49.99 | D28: 49.99 | E28: =IF('Notes & Assumptions'!$C$4="Regular",D28,C28) -> 49.99 | F28: 800 | G28: g | H28: =E28/F28 -> 0.0624875 | I28: =IF(C28<D28,"Yes","") | K28: Open
A29: slaw | B29: Burger Slaw 250 g | C29: 24.99 | D29: 24.99 | E29: =IF('Notes & Assumptions'!$C$4="Regular",D29,C29) -> 24.99 | F29: 1 | G29: ea | H29: =E29/F29 -> 24.99 | I29: =IF(C29<D29,"Yes","") | K29: Open
A30: butter_chicken_sauce | B30: Butter Chicken Cook-in-Sauce 400 g | C30: 60.99 | D30: 69.99 | E30: =IF('Notes & Assumptions'!$C$4="Regular",D30,C30) -> 60.99 | F30: 1 | G30: ea | H30: =E30/F30 -> 60.99 | I30: =IF(C30<D30,"Yes","") -> Yes | J30: SUBSTITUTE: Woolworths Butter Chicken Soup not currently listed | K30: Open
A31: butternut | B31: Butternut Avg 900 g | C31: 24.93 | D31: 24.93 | E31: =IF('Notes & Assumptions'!$C$4="Regular",D31,C31) -> 24.93 | F31: 1 | G31: ea | H31: =E31/F31 -> 24.93 | I31: =IF(C31<D31,"Yes","") | J31: Priced by weight | K31: Open
A32: milk_choc | B32: Cadbury Dairy Milk Chocolate Bar 80 g | C32: 25.99 | D32: 25.99 | E32: =IF('Notes & Assumptions'!$C$4="Regular",D32,C32) -> 25.99 | F32: 80 | G32: g | H32: =E32/F32 -> 0.324875 | I32: =IF(C32<D32,"Yes","") | K32: Open
A33: cadbury | B33: Cadbury Dairy Milk Chocolate Slab 150 g | C33: 49.99 | D33: 49.99 | E33: =IF('Notes & Assumptions'!$C$4="Regular",D33,C33) -> 49.99 | F33: 150 | G33: g | H33: =E33/F33 -> 0.33326667 | I33: =IF(C33<D33,"Yes","") | J33: Woolworths sells 150 g slabs, not 180 g | K33: Open
A34: cake_flour | B34: Cake Wheat Flour 1 kg | C34: 21.99 | D34: 21.99 | E34: =IF('Notes & Assumptions'!$C$4="Regular",D34,C34) -> 21.99 | F34: 1000 | G34: g | H34: =E34/F34 -> 0.02199 | I34: =IF(C34<D34,"Yes","") | K34: Open
A35: canola_oil | B35: Canola Oil 750 ml | C35: 39.99 | D35: 39.99 | E35: =IF('Notes & Assumptions'!$C$4="Regular",D35,C35) -> 39.99 | F35: 750 | G35: ml | H35: =E35/F35 -> 0.05332 | I35: =IF(C35<D35,"Yes","") | K35: Open
A36: carrot_muffin | B36: Carrot & Pecan Nut Muffins 4 pk | C36: 54.99 | D36: 54.99 | E36: =IF('Notes & Assumptions'!$C$4="Regular",D36,C36) -> 54.99 | F36: 4 | G36: ea | H36: =E36/F36 -> 13.7475 | I36: =IF(C36<D36,"Yes","") | K36: Open
A37: celery | B37: Celery | C37: 28.99 | D37: 28.99 | E37: =IF('Notes & Assumptions'!$C$4="Regular",D37,C37) -> 28.99 | F37: 10 | G37: stick | H37: =E37/F37 -> 2.899 | I37: =IF(C37<D37,"Yes","") | J37: ~10 sticks per head | K37: Open
A38: goats_cheese | B38: Chevin Goat's Full Fat Cheese 100 g | C38: 62.99 | D38: 62.99 | E38: =IF('Notes & Assumptions'!$C$4="Regular",D38,C38) -> 62.99 | F38: 100 | G38: g | H38: =E38/F38 -> 0.6299 | I38: =IF(C38<D38,"Yes","") | K38: Open
A39: chia | B39: Chia Seeds 250 g | C39: 109.99 | D39: 109.99 | E39: =IF('Notes & Assumptions'!$C$4="Regular",D39,C39) -> 109.99 | F39: 250 | G39: g | H39: =E39/F39 -> 0.43996 | I39: =IF(C39<D39,"Yes","") | K39: Open
A40: chicken_sauce_powder | B40: Chicken A La King Cook In Sauce 37 g | C40: 19.99 | D40: 19.99 | E40: =IF('Notes & Assumptions'!$C$4="Regular",D40,C40) -> 19.99 | F40: 1 | G40: ea | H40: =E40/F40 -> 19.99 | I40: =IF(C40<D40,"Yes","") | J40: SUBSTITUTE: no cream of chicken soup powder at Woolworths | K40: Open
A41: chicken_thighs_drums | B41: Chicken Drumsticks & Thighs Avg 900 g | C41: 105.79 | D41: 105.79 | E41: =IF('Notes & Assumptions'!$C$4="Regular",D41,C41) -> 105.79 | F41: 1 | G41: ea | H41: =E41/F41 -> 105.79 | I41: =IF(C41<D41,"Yes","") | J41: Priced by weight | K41: Open
A42: chicken_breast_fillets | B42: Chicken Mini Breast Fillets Avg 450 g | C42: 69.75 | D42: 69.75 | E42: =IF('Notes & Assumptions'!$C$4="Regular",D42,C42) -> 69.75 | F42: 450 | G42: g | H42: =E42/F42 -> 0.155 | I42: =IF(C42<D42,"Yes","") | J42: Priced by weight | K42: Open
A43: chicken_stock_tubs | B43: Chicken Stock Concentrate Tubs 4 x 24 g | C43: 49.99 | D43: 49.99 | E43: =IF('Notes & Assumptions'!$C$4="Regular",D43,C43) -> 49.99 | F43: 4 | G43: ea | H43: =E43/F43 -> 12.4975 | I43: =IF(C43<D43,"Yes","") | K43: Open
A44: dried_chickpeas | B44: Chickpeas (dried) 500 g | C44: 59.99 | D44: 59.99 | E44: =IF('Notes & Assumptions'!$C$4="Regular",D44,C44) -> 59.99 | F44: 500 | G44: g | H44: =E44/F44 -> 0.11998 | I44: =IF(C44<D44,"Yes","") | K44: Open
A45: chickpeas_tin | B45: Chickpeas in Brine 400 g | C45: 28.99 | D45: 28.99 | E45: =IF('Notes & Assumptions'!$C$4="Regular",D45,C45) -> 28.99 | F45: 1 | G45: ea | H45: =E45/F45 -> 28.99 | I45: =IF(C45<D45,"Yes","") | K45: Open
A46: chilli_oil | B46: Chilli Crunch 120 g | C46: 81.99 | D46: 81.99 | E46: =IF('Notes & Assumptions'!$C$4="Regular",D46,C46) -> 81.99 | F46: 120 | G46: g | H46: =E46/F46 -> 0.68325 | I46: =IF(C46<D46,"Yes","") | J46: Closest match to chilli oil | K46: Open
A47: chilli_powder | B47: Chilli Powder 45 g | C47: 34.99 | D47: 34.99 | E47: =IF('Notes & Assumptions'!$C$4="Regular",D47,C47) -> 34.99 | F47: 45 | G47: g | H47: =E47/F47 -> 0.77755556 | I47: =IF(C47<D47,"Yes","") | K47: Open
A48: chopped_spinach | B48: Chopped Spinach 200 g | C48: 32.99 | D48: 32.99 | E48: =IF('Notes & Assumptions'!$C$4="Regular",D48,C48) -> 32.99 | F48: 200 | G48: g | H48: =E48/F48 -> 0.16495 | I48: =IF(C48<D48,"Yes","") | K48: Open
A49: capers | B49: Coelsanus Non Pareilles Capers in Wine Vinegar 100 g | C49: 69.99 | D49: 69.99 | E49: =IF('Notes & Assumptions'!$C$4="Regular",D49,C49) -> 69.99 | F49: 100 | G49: g | H49: =E49/F49 -> 0.6999 | I49: =IF(C49<D49,"Yes","") | K49: Open
A50: english_mustard | B50: Colman's Traditional Hot English Mustard 168 g | C50: 54.99 | D50: 54.99 | E50: =IF('Notes & Assumptions'!$C$4="Regular",D50,C50) -> 54.99 | F50: 168 | G50: g | H50: =E50/F50 -> 0.32732143 | I50: =IF(C50<D50,"Yes","") | K50: Open
A51: mayonnaise | B51: Crosse and Blackwell Tangy Mayonnaise 750 g | C51: 49.99 | D51: 49.99 | E51: =IF('Notes & Assumptions'!$C$4="Regular",D51,C51) -> 49.99 | F51: 750 | G51: g | H51: =E51/F51 -> 0.066653333 | I51: =IF(C51<D51,"Yes","") | K51: Open
A52: desiccated_coconut | B52: Desiccated Coconut 200 g | C52: 42.99 | D52: 42.99 | E52: =IF('Notes & Assumptions'!$C$4="Regular",D52,C52) -> 42.99 | F52: 200 | G52: g | H52: =E52/F52 -> 0.21495 | I52: =IF(C52<D52,"Yes","") | K52: Open
A53: bacon | B53: Diced Wood Smoked Bacon 250 g | C53: 48.99 | D53: 48.99 | E53: =IF('Notes & Assumptions'!$C$4="Regular",D53,C53) -> 48.99 | F53: 250 | G53: g | H53: =E53/F53 -> 0.19596 | I53: =IF(C53<D53,"Yes","") | J53: 1 rasher taken as 25 g | K53: Open
A54: dijon | B54: Dijon Mustard 235 g | C54: 51.99 | D54: 61.99 | E54: =IF('Notes & Assumptions'!$C$4="Regular",D54,C54) -> 51.99 | F54: 235 | G54: g | H54: =E54/F54 -> 0.22123404 | I54: =IF(C54<D54,"Yes","") -> Yes | K54: Open
A55: strawberry_yoghurt | B55: Double Cream Ayrshire Strawberry Yoghurt 1 kg | C55: 65.99 | D55: 65.99 | E55: =IF('Notes & Assumptions'!$C$4="Regular",D55,C55) -> 65.99 | F55: 1 | G55: ea | H55: =E55/F55 -> 65.99 | I55: =IF(C55<D55,"Yes","") | J55: SUBSTITUTE: Lancewood Strawberries & Cream not sold at Woolworths | K55: Open
A56: olive_oil_spray | B56: Extra Virgin Olive Oil Spray 250 ml | C56: 199.99 | D56: 199.99 | E56: =IF('Notes & Assumptions'!$C$4="Regular",D56,C56) -> 199.99 | F56: 250 | G56: ml | H56: =E56/F56 -> 0.79996 | I56: =IF(C56<D56,"Yes","") | K56: Open
A57: easter_eggs | B57: FANTASTICAL Multi Coloured Eggs 50 g | C57: 19.99 | D57: 19.99 | E57: =IF('Notes & Assumptions'!$C$4="Regular",D57,C57) -> 19.99 | F57: 50 | G57: g | H57: =E57/F57 -> 0.3998 | I57: =IF(C57<D57,"Yes","") | K57: Open
A58: fresh_chicken_soup | B58: Farmhouse Chicken Soup 600 g | C58: 74.99 | D58: 74.99 | E58: =IF('Notes & Assumptions'!$C$4="Regular",D58,C58) -> 74.99 | F58: 1 | G58: ea | H58: =E58/F58 -> 74.99 | I58: =IF(C58<D58,"Yes","") | K58: Open
A59: cinnamon | B59: Finely Ground Cinnamon Refill 30 g | C59: 29.99 | D59: 29.99 | E59: =IF('Notes & Assumptions'!$C$4="Regular",D59,C59) -> 29.99 | F59: 30 | G59: g | H59: =E59/F59 -> 0.99966667 | I59: =IF(C59<D59,"Yes","") | K59: Open
A60: meatballs | B60: Free Range Beef Frikkadels 12 pk | C60: 99.99 | D60: 99.99 | E60: =IF('Notes & Assumptions'!$C$4="Regular",D60,C60) -> 99.99 | F60: 12 | G60: ea | H60: =E60/F60 -> 8.3325 | I60: =IF(C60<D60,"Yes","") | K60: Open
A61: beef_strips | B61: Free Range Beef Stroganoff Avg 500 g | C61: 120 | D61: 120 | E61: =IF('Notes & Assumptions'!$C$4="Regular",D61,C61) -> 120 | F61: 500 | G61: g | H61: =E61/F61 -> 0.24 | I61: =IF(C61<D61,"Yes","") | J61: Priced by weight | K61: Open
A62: chicken_portions | B62: Free Range Chicken Portions Avg 1.2 kg | C62: 113.99 | D62: 113.99 | E62: =IF('Notes & Assumptions'!$C$4="Regular",D62,C62) -> 113.99 | F62: 1 | G62: ea | H62: =E62/F62 -> 113.99 | I62: =IF(C62<D62,"Yes","") | J62: Priced by weight | K62: Open
A63: chicken_thighs | B63: Free Range Chicken Thighs Avg 500 g | C63: 82.5 | D63: 82.5 | E63: =IF('Notes & Assumptions'!$C$4="Regular",D63,C63) -> 82.5 | F63: 1 | G63: ea | H63: =E63/F63 -> 82.5 | I63: =IF(C63<D63,"Yes","") | J63: Priced by weight | K63: Open
A64: lamb_frikkadels | B64: Free Range Lamb Frikkadels 12 pk | C64: 139.99 | D64: 139.99 | E64: =IF('Notes & Assumptions'!$C$4="Regular",D64,C64) -> 139.99 | F64: 12 | G64: ea | H64: =E64/F64 -> 11.665833 | I64: =IF(C64<D64,"Yes","") | K64: Open
A65: eggs | B65: Free Range Mixed Sizes Chilled Eggs 6 pk | C65: 29.99 | D65: 29.99 | E65: =IF('Notes & Assumptions'!$C$4="Regular",D65,C65) -> 29.99 | F65: 6 | G65: ea | H65: =E65/F65 -> 4.9983333 | I65: =IF(C65<D65,"Yes","") | K65: Open
A66: chicken_thigh_fillets | B66: Free Range Skinless Thigh Mini Chicken Fillets Avg 800 g | C66: 135.99 | D66: 135.99 | E66: =IF('Notes & Assumptions'!$C$4="Regular",D66,C66) -> 135.99 | F66: 800 | G66: g | H66: =E66/F66 -> 0.1699875 | I66: =IF(C66<D66,"Yes","") | J66: Priced by weight | K66: Open
A67: basil | B67: Fresh Basil 30 g | C67: 15.99 | D67: 15.99 | E67: =IF('Notes & Assumptions'!$C$4="Regular",D67,C67) -> 15.99 | F67: 1 | G67: punnet | H67: =E67/F67 -> 15.99 | I67: =IF(C67<D67,"Yes","") | K67: Open
A68: bay_leaves | B68: Fresh Bay Leaves 20 g | C68: 15.99 | D68: 15.99 | E68: =IF('Notes & Assumptions'!$C$4="Regular",D68,C68) -> 15.99 | F68: 1 | G68: punnet | H68: =E68/F68 -> 15.99 | I68: =IF(C68<D68,"Yes","") | K68: Open
A69: roti | B69: Fresh Butter Rotis 6 x 75 g | C69: 76.99 | D69: 76.99 | E69: =IF('Notes & Assumptions'!$C$4="Regular",D69,C69) -> 76.99 | F69: 6 | G69: ea | H69: =E69/F69 -> 12.831667 | I69: =IF(C69<D69,"Yes","") | K69: Open
A70: chives | B70: Fresh Chives 20 g | C70: 15.99 | D70: 15.99 | E70: =IF('Notes & Assumptions'!$C$4="Regular",D70,C70) -> 15.99 | F70: 1 | G70: punnet | H70: =E70/F70 -> 15.99 | I70: =IF(C70<D70,"Yes","") | K70: Open
A71: coriander | B71: Fresh Coriander 30 g | C71: 15.99 | D71: 15.99 | E71: =IF('Notes & Assumptions'!$C$4="Regular",D71,C71) -> 15.99 | F71: 1 | G71: punnet | H71: =E71/F71 -> 15.99 | I71: =IF(C71<D71,"Yes","") | K71: Open
A72: ginger | B72: Fresh Crushed Ginger 50 g | C72: 32.99 | D72: 32.99 | E72: =IF('Notes & Assumptions'!$C$4="Regular",D72,C72) -> 32.99 | F72: 50 | G72: g | H72: =E72/F72 -> 0.6598 | I72: =IF(C72<D72,"Yes","") | K72: Open
A73: beef_stock_liquid | B73: Fresh Free Range Liquid Beef Stock 500 ml | C73: 54.99 | D73: 54.99 | E73: =IF('Notes & Assumptions'!$C$4="Regular",D73,C73) -> 54.99 | F73: 500 | G73: ml | H73: =E73/F73 -> 0.10998 | I73: =IF(C73<D73,"Yes","") | K73: Open
A74: veg_stock | B74: Fresh Liquid Vegetable Stock 500 ml | C74: 39.99 | D74: 39.99 | E74: =IF('Notes & Assumptions'!$C$4="Regular",D74,C74) -> 39.99 | F74: 500 | G74: ml | H74: =E74/F74 -> 0.07998 | I74: =IF(C74<D74,"Yes","") | K74: Open
A75: mint | B75: Fresh Mint 20 g | C75: 15.99 | D75: 15.99 | E75: =IF('Notes & Assumptions'!$C$4="Regular",D75,C75) -> 15.99 | F75: 1 | G75: punnet | H75: =E75/F75 -> 15.99 | I75: =IF(C75<D75,"Yes","") | K75: Open
A76: parsley | B76: Fresh Parsley 30 g | C76: 15.99 | D76: 15.99 | E76: =IF('Notes & Assumptions'!$C$4="Regular",D76,C76) -> 15.99 | F76: 1 | G76: punnet | H76: =E76/F76 -> 15.99 | I76: =IF(C76<D76,"Yes","") | K76: Open
A77: garlic | B77: Fresh Peeled Garlic 50 g | C77: 29.99 | D77: 29.99 | E77: =IF('Notes & Assumptions'!$C$4="Regular",D77,C77) -> 29.99 | F77: 10 | G77: clove | H77: =E77/F77 -> 2.999 | I77: =IF(C77<D77,"Yes","") | J77: ~10 cloves per 50 g | K77: Open
A78: rosemary | B78: Fresh Rosemary 20 g | C78: 15.99 | D78: 15.99 | E78: =IF('Notes & Assumptions'!$C$4="Regular",D78,C78) -> 15.99 | F78: 1 | G78: punnet | H78: =E78/F78 -> 15.99 | I78: =IF(C78<D78,"Yes","") | K78: Open
A79: sage | B79: Fresh Sage 20 g | C79: 15.99 | D79: 15.99 | E79: =IF('Notes & Assumptions'!$C$4="Regular",D79,C79) -> 15.99 | F79: 1 | G79: ea | H79: =E79/F79 -> 15.99 | I79: =IF(C79<D79,"Yes","") | K79: Open
A80: thyme | B80: Fresh Thyme 20 g | C80: 15.99 | D80: 15.99 | E80: =IF('Notes & Assumptions'!$C$4="Regular",D80,C80) -> 15.99 | F80: 1 | G80: punnet | H80: =E80/F80 -> 15.99 | I80: =IF(C80<D80,"Yes","") | K80: Open
A81: rocket | B81: Fresh Wild Rocket 30 g | C81: 15.99 | D81: 15.99 | E81: =IF('Notes & Assumptions'!$C$4="Regular",D81,C81) -> 15.99 | F81: 1 | G81: ea | H81: =E81/F81 -> 15.99 | I81: =IF(C81<D81,"Yes","") | K81: Open
A82: frozen_veg | B82: Freshly Frozen Peas & Sweetcorn Kernels 750 g | C82: 59.99 | D82: 59.99 | E82: =IF('Notes & Assumptions'!$C$4="Regular",D82,C82) -> 59.99 | F82: 750 | G82: g | H82: =E82/F82 -> 0.079986667 | I82: =IF(C82<D82,"Yes","") | K82: Open
A83: haddock | B83: Frozen Lightly Smoked Haddock Portions 500 g | C83: 179.99 | D83: 179.99 | E83: =IF('Notes & Assumptions'!$C$4="Regular",D83,C83) -> 179.99 | F83: 500 | G83: g | H83: =E83/F83 -> 0.35998 | I83: =IF(C83<D83,"Yes","") | K83: Open
A84: peas | B84: Frozen Petits Pois Peas 500 g | C84: 49.99 | D84: 49.99 | E84: =IF('Notes & Assumptions'!$C$4="Regular",D84,C84) -> 49.99 | F84: 500 | G84: g | H84: =E84/F84 -> 0.09998 | I84: =IF(C84<D84,"Yes","") | K84: Open
A85: filo | B85: Frozen Phyllo Pastry 500 g | C85: 67.99 | D85: 67.99 | E85: =IF('Notes & Assumptions'!$C$4="Regular",D85,C85) -> 67.99 | F85: 500 | G85: g | H85: =E85/F85 -> 0.13598 | I85: =IF(C85<D85,"Yes","") | K85: Open
A86: puff_pastry | B86: Frozen Puff Pastry Roll 400 g | C86: 42.99 | D86: 42.99 | E86: =IF('Notes & Assumptions'!$C$4="Regular",D86,C86) -> 42.99 | F86: 1 | G86: ea | H86: =E86/F86 -> 42.99 | I86: =IF(C86<D86,"Yes","") | J86: 1 roll = 1 sheet | K86: Open
A87: hot_cross_buns | B87: Fruit Free Hot Cross Buns 6 pk | C87: 42.99 | D87: 42.99 | E87: =IF('Notes & Assumptions'!$C$4="Regular",D87,C87) -> 42.99 | F87: 6 | G87: ea | H87: =E87/F87 -> 7.165 | I87: =IF(C87<D87,"Yes","") | K87: Open
A88: grains_90s | B88: Fully Cooked Bulgur, Quinoa and Lentil 250 g | C88: 39.99 | D88: 39.99 | E88: =IF('Notes & Assumptions'!$C$4="Regular",D88,C88) -> 39.99 | F88: 1 | G88: ea | H88: =E88/F88 -> 39.99 | I88: =IF(C88<D88,"Yes","") | K88: Open
A89: coconut_rice | B89: Fully Cooked Coconut Jasmine Rice 250 g | C89: 44.99 | D89: 44.99 | E89: =IF('Notes & Assumptions'!$C$4="Regular",D89,C89) -> 44.99 | F89: 1 | G89: ea | H89: =E89/F89 -> 44.99 | I89: =IF(C89<D89,"Yes","") | K89: Open
A90: honey | B90: Fynbos Honey 250 g | C90: 71.99 | D90: 71.99 | E90: =IF('Notes & Assumptions'!$C$4="Regular",D90,C90) -> 71.99 | F90: 250 | G90: g | H90: =E90/F90 -> 0.28796 | I90: =IF(C90<D90,"Yes","") | K90: Open
A91: garam_masala | B91: Garam Masala Blend 60 g | C91: 39.99 | D91: 39.99 | E91: =IF('Notes & Assumptions'!$C$4="Regular",D91,C91) -> 39.99 | F91: 60 | G91: g | H91: =E91/F91 -> 0.6665 | I91: =IF(C91<D91,"Yes","") | K91: Open
A92: gem_squash | B92: Gem Squash Halves 6 pk | C92: 34.99 | D92: 34.99 | E92: =IF('Notes & Assumptions'!$C$4="Regular",D92,C92) -> 34.99 | F92: 6 | G92: ea | H92: =E92/F92 -> 5.8316667 | I92: =IF(C92<D92,"Yes","") | K92: Open
A93: german_mustard | B93: German Mustard 235 g | C93: 51.99 | D93: 61.99 | E93: =IF('Notes & Assumptions'!$C$4="Regular",D93,C93) -> 51.99 | F93: 235 | G93: g | H93: =E93/F93 -> 0.22123404 | I93: =IF(C93<D93,"Yes","") -> Yes | J93: SUBSTITUTE: no Wimpy/American mustard listed | K93: Open
A94: apples | B94: Golden Delicious Apples 4 pk | C94: 27.99 | D94: 27.99 | E94: =IF('Notes & Assumptions'!$C$4="Regular",D94,C94) -> 27.99 | F94: 4 | G94: ea | H94: =E94/F94 -> 6.9975 | I94: =IF(C94<D94,"Yes","") | K94: Open
A95: green_apples | B95: Granny Smith Apples 4 pk | C95: 28.99 | D95: 28.99 | E95: =IF('Notes & Assumptions'!$C$4="Regular",D95,C95) -> 28.99 | F95: 4 | G95: ea | H95: =E95/F95 -> 7.2475 | I95: =IF(C95<D95,"Yes","") | K95: Open
A96: cheddar_grated | B96: Grated Mature Cheddar Cheese 250 g | C96: 74.99 | D96: 74.99 | E96: =IF('Notes & Assumptions'!$C$4="Regular",D96,C96) -> 74.99 | F96: 250 | G96: g | H96: =E96/F96 -> 0.29996 | I96: =IF(C96<D96,"Yes","") | K96: Open
A97: mozzarella | B97: Grated Mozzarella Cheese 250 g | C97: 74.99 | D97: 74.99 | E97: =IF('Notes & Assumptions'!$C$4="Regular",D97,C97) -> 74.99 | F97: 250 | G97: g | H97: =E97/F97 -> 0.29996 | I97: =IF(C97<D97,"Yes","") | K97: Open
A98: allspice | B98: Ground Allspice 55 g | C98: 59.99 | D98: 59.99 | E98: =IF('Notes & Assumptions'!$C$4="Regular",D98,C98) -> 59.99 | F98: 55 | G98: g | H98: =E98/F98 -> 1.0907273 | I98: =IF(C98<D98,"Yes","") | K98: Open
A99: cumin | B99: Ground Cumin Refill 50 g | C99: 34.99 | D99: 34.99 | E99: =IF('Notes & Assumptions'!$C$4="Regular",D99,C99) -> 34.99 | F99: 50 | G99: g | H99: =E99/F99 -> 0.6998 | I99: =IF(C99<D99,"Yes","") | K99: Open
A100: lean_mince | B100: Halaal Lean Beef Mince 500 g | C100: 64.99 | D100: 64.99 | E100: =IF('Notes & Assumptions'!$C$4="Regular",D100,C100) -> 64.99 | F100: 500 | G100: g | H100: =E100/F100 -> 0.12998 | I100: =IF(C100<D100,"Yes","") | K100: Open
...

Sheet Notes & Assumptions
B2: Woolworths recipe costing
B4: Price basis (choose) | C4: Today
C5: "Today" uses the price shown on woolworths.co.za on 6 Oct 2026, including any promotion. "Regular" uses the pre-promotion price where an item was on promotion.
B7: Prices captured | C7: woolworths.co.za online prices, 6 October 2026 (Cape Town region). Prices change often and some items differ in store.
B8: Product choice | C8: Cheapest Woolworths item that matches the ingredient. Where the recipe names a specific pack (e.g. 600 g fresh soup, 400 g punnet) that pack is used.
B9: Two costs per recipe | C9: Cost per make = only the share of each pack the recipe uses. Shop-from-scratch = full packs you would have to buy (packs are rounded up per recipe).
B10: Left out | C10: Salt, pepper, water and "seasoning of choice" are not costed, as agreed.
B11: Not at Woolworths | C11: Psyllium husk (Bovril Seed Crackers) and tamarillos (Tree Tomato Chutney) are not sold, so those recipes are understated. Sambals with the curry are not costed.
B12: Substitutes | C12: Where Woolworths does not stock the named item a close match is used and flagged in yellow on the Ingredient Costing sheet (e.g. HP sauce, Knorr soups, Lancewood yoghurt, Woolworths butter chicken and Moroccan lamb soups, Dr. Oetker spinach & feta).
B13: Vague amounts | C13: Where the recipe gives no amount (e.g. "Feta, crumbled", "Fresh thyme") a sensible amount is assumed and written in the Note column. Change any blue Qty cell to update all totals.
B14: Conversions | C14: 1 cup = 250 ml; 1 Tbsp = 15 ml; 1 tsp = 5 ml. Flour 125 g/cup; sugar 200 g/cup; oats 90 g/cup; peas 140 g/cup; 1 onion 150 g; 1 potato 200 g; 1 carrot 80 g; 1 baby marrow 70 g; 1 feta round 100 g; 1 garlic clove from a 10-clove pack; fresh herbs costed as a share of a punnet.
B15: Priced by weight | C15: Meat, butternut, broccoli and cauliflower are sold by average weight, so the till price can differ slightly.
B16: 5 Veg Mince recipes | C16: Mince in Gems, Mince on Mushrooms and Low-Carb Cottage Pie each include one full batch of 5 Veg Mince (pulled live from that recipe).
B17: Colour key | C17: Blue = numbers you can change. Yellow row = substitute or assumption worth checking. Red row = not available at Woolworths. Grey = basic left out.

Sheet Ingredient list
A1: Recipe | B1: Category | C1: Ingredient | D1: Post link
A2: Easy Chicken Pie | B2: Mains | C2: 1 packet fresh chicken soup | D2: https://www.instagram.com/jadeseeliger_dietitian/reel/C4Pw3ETK0PZ/
A3: Easy Chicken Pie | B3: Mains | C3: 1 cup lightly cooked vegetables (diced baby marrows & carrots) | D3: https://www.instagram.com/jadeseeliger_dietitian/reel/C4Pw3ETK0PZ/
A4: Easy Chicken Pie | B4: Mains | C4: 1 rotisserie chicken (breast & thigh), sliced | D4: https://www.instagram.com/jadeseeliger_dietitian/reel/C4Pw3ETK0PZ/
A5: Easy Chicken Pie | B5: Mains | C5: Puff pastry | D5: https://www.instagram.com/jadeseeliger_dietitian/reel/C4Pw3ETK0PZ/
A6: Easy Chicken Pie | B6: Mains | C6: 1 egg, for brushing | D6: https://www.instagram.com/jadeseeliger_dietitian/reel/C4Pw3ETK0PZ/
A7: Easy Chicken Pie | B7: Mains | C7: Green salad, to serve | D7: https://www.instagram.com/jadeseeliger_dietitian/reel/C4Pw3ETK0PZ/
A8: Bougie-Up Your Veg (toppings) | B8: Sides & salads | C8: Cooked vegetables of choice | D8: https://www.instagram.com/jadeseeliger_dietitian/reel/DeE9erkuKNG/
A9: Bougie-Up Your Veg (toppings) | B9: Sides & salads | C9: Feta, crumbled | D9: https://www.instagram.com/jadeseeliger_dietitian/reel/DeE9erkuKNG/
A10: Bougie-Up Your Veg (toppings) | B10: Sides & salads | C10: Pomegranate seeds | D10: https://www.instagram.com/jadeseeliger_dietitian/reel/DeE9erkuKNG/
A11: Bougie-Up Your Veg (toppings) | B11: Sides & salads | C11: Lemon zest | D11: https://www.instagram.com/jadeseeliger_dietitian/reel/DeE9erkuKNG/
A12: Bougie-Up Your Veg (toppings) | B12: Sides & salads | C12: Balsamic glaze | D12: https://www.instagram.com/jadeseeliger_dietitian/reel/DeE9erkuKNG/
... A536: Biscoff Crumble Vanilla Ice Cream | B536: Desserts & ice cream | C536: Biscoff biscuits, crushed | D536: https://www.instagram.com/jadeseeliger_dietitian/reel/DU7hE3UiBVI/

Sheet Not included
A1: Post | B1: Why it's not in the list | C1: Post link
A2: Gran's Rustic Quiche | B2: Recipe only sent by DM (comment "recipe") – not in the caption | C2: https://www.instagram.com/jadeseeliger_dietitian/reel/Da2B-sGu-0Z/
A3: BBQ Pulled Pork Pitas | B3: Recipe only sent by DM (comment "RECIPE") – not in the caption | C3: https://www.instagram.com/jadeseeliger_dietitian/reel/DZ_qB70I2cw/
A4: Aroma-dough | B4: Scented play-dough for kids – not food | C4: https://www.instagram.com/jadeseeliger_dietitian/reel/DcP2s_qu3Jp/
A5: Bulgur wheat swap | B5: Cooking tip only (cover with boiling water, rest 5 min) | C5: https://www.instagram.com/jadeseeliger_dietitian/reel/DbU2L7UOQ3I/
A6: Rotisserie chicken meal prep | B6: Meal-prep tip, no recipe | C6: https://www.instagram.com/jadeseeliger_dietitian/reel/DcL_eyyu37c/
A7: Healthier pizzas | B7: No recipe in the caption | C7: https://www.instagram.com/jadeseeliger_dietitian/reel/DYEYHaytl2_/
A8: Eggplant dip | B8: Mentioned as 'coming soon' – not posted in this range | C8: https://www.instagram.com/jadeseeliger_dietitian/reel/DXZRk1eiPM0/
A9: Bovril Seed Crackers (repost) | B9: Duplicate – already listed | C9: https://www.instagram.com/jadeseeliger_dietitian/reel/DXTW3kbiMa6/
A10: Aroma-dough (repost) | B10: Duplicate, not food | C10: https://www.instagram.com/jadeseeliger_dietitian/reel/DXJQBPmjdxB/
A11: Hoisin Pork Fillet (repost) | B11: Duplicate – already listed | C11: https://www.instagram.com/jadeseeliger_dietitian/reel/DVxZnYaCNw3/
A12: Toasted Chickpeas (repost) | B12: Same as Crispy Chickpeas (this version: lemon zest, 1 garlic clove, 190°C) | C12: https://www.instagram.com/jadeseeliger_dietitian/reel/DVK89ufiOMe/
... A15: Life lately photo post | B15: Mentions egg muffins, peanut bites, cornflour play-goo and pretzels – no recipes | C15: https://www.instagram.com/jadeseeliger_dietitian/p/DVcs6QmCDyI/
A17: Scope: Jade's latest 104 Instagram posts (incl. pinned), captured 6 Oct 2026. Rows 1–29 from posts 1–52; rows 30+ from posts 53–104. Ingredients are as written in her captions; some posts give no quantities.
